crosswalk_id,original_rank,previous_status,next_pool_status,status_label,ready_for_30seed,net_group,status_family,source_tag,reason,failure_category,recovery_strategy,recovery_priority,location_grade,mapping_distance_m,crossing_exists,tls_connected,ped_link_index_available,pedestrian_only_phase_available,route_available,nearest_tls_id,nearest_tls_distance_m,smart_completed,smart_ped_crossing_person_count,smart_extension_count,smart_smoke_success,baseline_completed,baseline_ped_crossing_person_count,baseline_extension_count,baseline_smoke_success
LINK_249048,1,RECOVERED_SIGNAL_FIX_READY,READY_EXISTING_28,SIGNAL_FIX_READY,True,signal_fix,ready,top50_signal_fix_ready,already ready in current/signal_fix_v1/generated_v1 stage,,,,,,,,,,,,,,,,,,,,
NODE_10335,2,MAIN_READY_CURRENT_NET,READY_EXISTING_28,MAIN_READY_CURRENT_NET,True,current_main,ready,top50_current_main_ready,already ready in current/signal_fix_v1/generated_v1 stage,,,,,,,,,,,,,,,,,,,,
NODE_8369,3,MAIN_READY_CURRENT_NET,READY_EXISTING_28,MAIN_READY_CURRENT_NET,True,current_main,ready,top50_current_main_ready,already ready in current/signal_fix_v1/generated_v1 stage,,,,,,,,,,,,,,,,,,,,
NODE_8426,4,RECOVERED_GENERATED_SIGNAL_READY,READY_EXISTING_28,GENERATED_SIGNAL_READY,True,generated_signal,ready,top50_generated_signal_ready,already ready in current/signal_fix_v1/generated_v1 stage,,,,,,,,,,,,,,,,,,,,
NODE_5837,5,RECOVERED_SIGNAL_FIX_READY,READY_EXISTING_28,SIGNAL_FIX_READY,True,signal_fix,ready,top50_signal_fix_ready,already ready in current/signal_fix_v1/generated_v1 stage,,,,,,,,,,,,,,,,,,,,
NODE_167173,6,MAIN_READY_CURRENT_NET,READY_EXISTING_28,MAIN_READY_CURRENT_NET,True,current_main,ready,top50_current_main_ready,already ready in current/signal_fix_v1/generated_v1 stage,,,,,,,,,,,,,,,,,,,,
LINK_239754,7,MAIN_READY_CURRENT_NET,READY_EXISTING_28,MAIN_READY_CURRENT_NET,True,current_main,ready,top50_current_main_ready,already ready in current/signal_fix_v1/generated_v1 stage,,,,,,,,,,,,,,,,,,,,
NODE_74388,8,RECOVERED_GENERATED_SIGNAL_READY,READY_EXISTING_28,GENERATED_SIGNAL_READY,True,generated_signal,ready,top50_generated_signal_ready,already ready in current/signal_fix_v1/generated_v1 stage,,,,,,,,,,,,,,,,,,,,
NODE_5846,9,MAIN_READY_CURRENT_NET,READY_EXISTING_28,MAIN_READY_CURRENT_NET,True,current_main,ready,top50_current_main_ready,already ready in current/signal_fix_v1/generated_v1 stage,,,,,,,,,,,,,,,,,,,,
NODE_5831,11,MAIN_READY_CURRENT_NET,READY_EXISTING_28,MAIN_READY_CURRENT_NET,True,current_main,ready,top50_current_main_ready,already ready in current/signal_fix_v1/generated_v1 stage,,,,,,,,,,,,,,,,,,,,
LINK_10218,12,RECOVERED_SIGNAL_FIX_READY,READY_EXISTING_28,SIGNAL_FIX_READY,True,signal_fix,ready,top50_signal_fix_ready,already ready in current/signal_fix_v1/generated_v1 stage,,,,,,,,,,,,,,,,,,,,
LINK_140740,13,RECOVERED_SIGNAL_FIX_READY,READY_EXISTING_28,SIGNAL_FIX_READY,True,signal_fix,ready,top50_signal_fix_ready,already ready in current/signal_fix_v1/generated_v1 stage,,,,,,,,,,,,,,,,,,,,
NODE_10060,14,REJECT,P1_SIGNAL_FIX_PENDING_SEED1,P1_SIGNAL_FIX_READY,True,p1_signal_fix,ready,p1_seed1_smoke_verdict,seed1 smart/baseline passed,,,,,,,,,,,,,True,5.0,1.0,True,True,5.0,0.0,True
NODE_6342,15,REJECT,P1_SIGNAL_FIX_PENDING_SEED1,P1_SIGNAL_FIX_READY,True,p1_signal_fix,ready,p1_seed1_smoke_verdict,seed1 smart/baseline passed,,,,,,,,,,,,,True,5.0,1.0,True,True,5.0,0.0,True
NODE_5647,16,REJECT,P1_SIGNAL_FIX_PENDING_SEED1,P1_SIGNAL_FIX_READY,True,p1_signal_fix,ready,p1_seed1_smoke_verdict,seed1 smart/baseline passed,,,,,,,,,,,,,True,5.0,1.0,True,True,5.0,0.0,True
NODE_9634,17,RECOVERED_SIGNAL_FIX_READY,READY_EXISTING_28,SIGNAL_FIX_READY,True,signal_fix,ready,top50_signal_fix_ready,already ready in current/signal_fix_v1/generated_v1 stage,,,,,,,,,,,,,,,,,,,,
LINK_212169,18,RECOVERED_GENERATED_SIGNAL_READY,READY_EXISTING_28,GENERATED_SIGNAL_READY,True,generated_signal,ready,top50_generated_signal_ready,already ready in current/signal_fix_v1/generated_v1 stage,,,,,,,,,,,,,,,,,,,,
LINK_194891,19,RECOVERED_SIGNAL_FIX_READY,READY_EXISTING_28,SIGNAL_FIX_READY,True,signal_fix,ready,top50_signal_fix_ready,already ready in current/signal_fix_v1/generated_v1 stage,,,,,,,,,,,,,,,,,,,,
NODE_6123,28,RECOVERED_GENERATED_SIGNAL_READY,READY_EXISTING_28,GENERATED_SIGNAL_READY,True,generated_signal,ready,top50_generated_signal_ready,already ready in current/signal_fix_v1/generated_v1 stage,,,,,,,,,,,,,,,,,,,,
NODE_14937,30,REJECT,P1_SIGNAL_FIX_PENDING_SEED1,P1_SIGNAL_FIX_READY,True,p1_signal_fix,ready,p1_seed1_smoke_verdict,seed1 smart/baseline passed,,,,,,,,,,,,,True,5.0,1.0,True,True,5.0,0.0,True
NODE_10377,31,MAIN_READY_CURRENT_NET,READY_EXISTING_28,MAIN_READY_CURRENT_NET,True,current_main,ready,top50_current_main_ready,already ready in current/signal_fix_v1/generated_v1 stage,,,,,,,,,,,,,,,,,,,,
NODE_6082,33,RECOVERED_GENERATED_SIGNAL_READY,READY_EXISTING_28,GENERATED_SIGNAL_READY,True,generated_signal,ready,top50_generated_signal_ready,already ready in current/signal_fix_v1/generated_v1 stage,,,,,,,,,,,,,,,,,,,,
NODE_10376,35,MAIN_READY_CURRENT_NET,READY_EXISTING_28,MAIN_READY_CURRENT_NET,True,current_main,ready,top50_current_main_ready,already ready in current/signal_fix_v1/generated_v1 stage,,,,,,,,,,,,,,,,,,,,
NODE_10378,36,RECOVERED_SIGNAL_FIX_READY,READY_EXISTING_28,SIGNAL_FIX_READY,True,signal_fix,ready,top50_signal_fix_ready,already ready in current/signal_fix_v1/generated_v1 stage,,,,,,,,,,,,,,,,,,,,
NODE_150723,37,MAIN_READY_CURRENT_NET,READY_EXISTING_28,MAIN_READY_CURRENT_NET,True,current_main,ready,top50_current_main_ready,already ready in current/signal_fix_v1/generated_v1 stage,,,,,,,,,,,,,,,,,,,,
NODE_5681,38,RECOVERED_SIGNAL_FIX_READY,READY_EXISTING_28,SIGNAL_FIX_READY,True,signal_fix,ready,top50_signal_fix_ready,already ready in current/signal_fix_v1/generated_v1 stage,,,,,,,,,,,,,,,,,,,,
NODE_125895,39,MAIN_READY_CURRENT_NET,READY_EXISTING_28,MAIN_READY_CURRENT_NET,True,current_main,ready,top50_current_main_ready,already ready in current/signal_fix_v1/generated_v1 stage,,,,,,,,,,,,,,,,,,,,
NODE_10262,41,RECOVERED_SIGNAL_FIX_READY,READY_EXISTING_28,SIGNAL_FIX_READY,True,signal_fix,ready,top50_signal_fix_ready,already ready in current/signal_fix_v1/generated_v1 stage,,,,,,,,,,,,,,,,,,,,
NODE_122781,42,REJECT,P1_SIGNAL_FIX_PENDING_SEED1,P1_SIGNAL_FIX_READY,True,p1_signal_fix,ready,p1_seed1_smoke_verdict,seed1 smart/baseline passed,,,,,,,,,,,,,True,5.0,1.0,True,True,5.0,0.0,True
NODE_10381,43,MAIN_READY_CURRENT_NET,READY_EXISTING_28,MAIN_READY_CURRENT_NET,True,current_main,ready,top50_current_main_ready,already ready in current/signal_fix_v1/generated_v1 stage,,,,,,,,,,,,,,,,,,,,
NODE_10273,46,RECOVERED_GENERATED_SIGNAL_READY,READY_EXISTING_28,GENERATED_SIGNAL_READY,True,generated_signal,ready,top50_generated_signal_ready,already ready in current/signal_fix_v1/generated_v1 stage,,,,,,,,,,,,,,,,,,,,
NODE_8452,47,RECOVERED_GENERATED_SIGNAL_READY,READY_EXISTING_28,GENERATED_SIGNAL_READY,True,generated_signal,ready,top50_generated_signal_ready,already ready in current/signal_fix_v1/generated_v1 stage,,,,,,,,,,,,,,,,,,,,
LINK_120139,50,MAIN_READY_CURRENT_NET,READY_EXISTING_28,MAIN_READY_CURRENT_NET,True,current_main,ready,top50_current_main_ready,already ready in current/signal_fix_v1/generated_v1 stage,,,,,,,,,,,,,,,,,,,,
NODE_5830,10,NEEDS_MANUAL_REVIEW,P4_MANUAL_REVIEW,P4_MANUAL_REVIEW,False,p4_manual_review,manual_review,remaining22_recovery_diagnosis,signal ready but location review needed,MANUAL_REVIEW_NEEDED,MANUAL_EDGE_PAIR_SELECTION,P4,REVIEW,27.172,True,True,True,True,False,5593950698.0,,,,,,,,,
LINK_153517,20,REJECT,P4_MANUAL_REVIEW,P4_MANUAL_REVIEW,False,p4_manual_review,manual_review,remaining22_recovery_diagnosis,not present in ready5 or mixed redesign promotion inputs,LOCATION_TOO_FAR,HOLD,P4,BAD,119.135,True,True,False,False,False,436856319.0,,,,,,,,,
NODE_21869,21,REJECT,P4_MANUAL_REVIEW,P4_MANUAL_REVIEW,False,p4_manual_review,manual_review,remaining22_recovery_diagnosis,not present in ready5 or mixed redesign promotion inputs,LOCATION_TOO_FAR,HOLD,P4,BAD,172.809,True,True,False,False,False,11203052964.0,,,,,,,,,
NODE_6425,22,NEEDS_MANUAL_REVIEW,P4_MANUAL_REVIEW,P4_MANUAL_REVIEW,False,p4_manual_review,manual_review,remaining22_recovery_diagnosis,location review needed before smoke,MANUAL_REVIEW_NEEDED,MANUAL_EDGE_PAIR_SELECTION,P4,BAD,298.1,True,True,True,False,False,436856276.0,,,,,,,,,
NODE_10067,23,REJECT,P4_MANUAL_REVIEW,P4_MANUAL_REVIEW,False,p4_manual_review,manual_review,remaining22_recovery_diagnosis,not present in ready5 or mixed redesign promotion inputs,LOCATION_TOO_FAR,HOLD,P4,BAD,179.32,True,True,False,False,False,11203052960.0,,,,,,,,,
LINK_266939,24,REJECT,P5_REJECT,P5_REJECT,False,p5_reject,reject,remaining22_recovery_diagnosis,not present in ready5 or mixed redesign promotion inputs,LOCATION_TOO_FAR,REJECT,P5,BAD,253.887,True,True,False,False,False,2457731125.0,,,,,,,,,
LINK_107613,25,NEEDS_MANUAL_REVIEW,P4_MANUAL_REVIEW,P4_MANUAL_REVIEW,False,p4_manual_review,manual_review,remaining22_recovery_diagnosis,location review needed before smoke,MANUAL_REVIEW_NEEDED,MANUAL_EDGE_PAIR_SELECTION,P4,BAD,307.281,True,True,True,False,False,436856276.0,,,,,,,,,
NODE_8382,26,NEEDS_MANUAL_REVIEW,P4_MANUAL_REVIEW,P4_MANUAL_REVIEW,False,p4_manual_review,manual_review,remaining22_recovery_diagnosis,location review needed before smoke,MANUAL_REVIEW_NEEDED,MANUAL_EDGE_PAIR_SELECTION,P4,BAD,98.998,True,True,True,False,False,1936511299.0,,,,,,,,,
NODE_8431,27,NEEDS_MANUAL_REVIEW,P4_MANUAL_REVIEW,P4_MANUAL_REVIEW,False,p4_manual_review,manual_review,remaining22_recovery_diagnosis,location review needed before smoke,MANUAL_REVIEW_NEEDED,MANUAL_EDGE_PAIR_SELECTION,P4,BAD,143.24,True,True,True,False,False,1936511299.0,,,,,,,,,
NODE_10333,29,REJECT,P4_MANUAL_REVIEW,P4_MANUAL_REVIEW,False,p4_manual_review,manual_review,remaining22_recovery_diagnosis,not present in ready5 or mixed redesign promotion inputs,LOCATION_TOO_FAR,HOLD,P4,BAD,125.39,True,True,False,False,False,436856319.0,,,,,,,,,
NODE_6153,32,REJECT,P4_MANUAL_REVIEW,P4_MANUAL_REVIEW,False,p4_manual_review,manual_review,remaining22_recovery_diagnosis,not present in ready5 or mixed redesign promotion inputs,LOCATION_TOO_FAR,HOLD,P4,BAD,113.0,True,True,False,False,False,436856319.0,,,,,,,,,
NODE_6122,34,REJECT,P5_REJECT,P5_REJECT,False,p5_reject,reject,remaining22_recovery_diagnosis,not present in ready5 or mixed redesign promotion inputs,LOCATION_TOO_FAR,REJECT,P5,BAD,211.259,True,True,False,False,False,436856319.0,,,,,,,,,
NODE_6212,40,REJECT,P4_MANUAL_REVIEW,P4_MANUAL_REVIEW,False,p4_manual_review,manual_review,remaining22_recovery_diagnosis,not present in ready5 or mixed redesign promotion inputs,LOCATION_TOO_FAR,HOLD,P4,BAD,130.275,True,True,False,False,False,2457731125.0,,,,,,,,,
LINK_127869,44,REJECT,P5_REJECT,P5_REJECT,False,p5_reject,reject,remaining22_recovery_diagnosis,not present in ready5 or mixed redesign promotion inputs,LOCATION_TOO_FAR,REJECT,P5,BAD,322.428,True,True,False,False,False,2457731125.0,,,,,,,,,
LINK_230879,45,REJECT,P5_REJECT,P5_REJECT,False,p5_reject,reject,remaining22_recovery_diagnosis,not present in ready5 or mixed redesign promotion inputs,LOCATION_TOO_FAR,REJECT,P5,BAD,220.067,True,True,False,False,False,436856319.0,,,,,,,,,
LINK_22103,48,REJECT,P4_MANUAL_REVIEW,P4_MANUAL_REVIEW,False,p4_manual_review,manual_review,remaining22_recovery_diagnosis,not present in ready5 or mixed redesign promotion inputs,LOCATION_TOO_FAR,HOLD,P4,BAD,177.89,True,True,False,False,False,11203052960.0,,,,,,,,,
NODE_5938,49,NEEDS_MANUAL_REVIEW,P4_MANUAL_REVIEW,P4_MANUAL_REVIEW,False,p4_manual_review,manual_review,remaining22_recovery_diagnosis,location review needed before smoke,MANUAL_REVIEW_NEEDED,MANUAL_EDGE_PAIR_SELECTION,P4,REVIEW,23.468,True,True,True,False,False,5851251266.0,,,,,,,,,
