crosswalk_id,is_restored_in_sumo_network,sumo_restored_level,phase6_ready_confirmed,sumo_restored_source,in_final_237,in_integrity_237
LINK_33923,False,NOT_IN_RESTORED_237,False,,False,False
LINK_117132,False,NOT_IN_RESTORED_237,False,,False,False
LINK_196945,False,NOT_IN_RESTORED_237,False,,False,False
LINK_188245,False,NOT_IN_RESTORED_237,False,,False,False
LINK_190856,False,NOT_IN_RESTORED_237,False,,False,False
LINK_118120,False,NOT_IN_RESTORED_237,False,,False,False
LINK_279566,False,NOT_IN_RESTORED_237,False,,False,False
NODE_5837,False,NOT_IN_RESTORED_237,False,,False,False
LINK_203084,False,NOT_IN_RESTORED_237,False,,False,False
LINK_148203,False,NOT_IN_RESTORED_237,False,,False,False
NODE_74388,False,NOT_IN_RESTORED_237,False,,False,False
NODE_5846,False,NOT_IN_RESTORED_237,False,,False,False
NODE_5830,False,NOT_IN_RESTORED_237,False,,False,False
NODE_5831,False,NOT_IN_RESTORED_237,False,,False,False
NODE_10376,True,RESTORED_SIGNAL_STRUCTURE_OK,False,phase6_ready_candidates_total_FINAL_237.csv|phase6_ready_candidates_total_FINAL_237_integrity_check.csv,True,True
NODE_6342,False,NOT_IN_RESTORED_237,False,,False,False
NODE_21869,False,NOT_IN_RESTORED_237,False,,False,False
NODE_150723,False,NOT_IN_RESTORED_237,False,,False,False
NODE_10060,False,NOT_IN_RESTORED_237,False,,False,False
NODE_10067,False,NOT_IN_RESTORED_237,False,,False,False
NODE_10333,False,NOT_IN_RESTORED_237,False,,False,False
NODE_6122,False,NOT_IN_RESTORED_237,False,,False,False
NODE_6123,False,NOT_IN_RESTORED_237,False,,False,False
NODE_14937,False,NOT_IN_RESTORED_237,False,,False,False
NODE_10378,False,NOT_IN_RESTORED_237,False,,False,False
NODE_10377,True,RESTORED_SIGNAL_STRUCTURE_OK,False,phase6_ready_candidates_total_FINAL_237.csv|phase6_ready_candidates_total_FINAL_237_integrity_check.csv,True,True
NODE_6153,False,NOT_IN_RESTORED_237,False,,False,False
NODE_121262,False,NOT_IN_RESTORED_237,False,,False,False
NODE_6199,False,NOT_IN_RESTORED_237,False,,False,False
NODE_6082,False,NOT_IN_RESTORED_237,False,,False,False
NODE_6425,False,NOT_IN_RESTORED_237,False,,False,False
NODE_5681,False,NOT_IN_RESTORED_237,False,,False,False
LINK_194891,False,NOT_IN_RESTORED_237,False,,False,False
LINK_22103,False,NOT_IN_RESTORED_237,False,,False,False
NODE_6127,False,NOT_IN_RESTORED_237,False,,False,False
NODE_6137,False,NOT_IN_RESTORED_237,False,,False,False
NODE_6210,True,RESTORED_SIGNAL_STRUCTURE_OK,False,phase6_ready_candidates_total_FINAL_237.csv|phase6_ready_candidates_total_FINAL_237_integrity_check.csv,True,True
NODE_73917,True,RESTORED_SIGNAL_STRUCTURE_OK,False,phase6_ready_candidates_total_FINAL_237.csv|phase6_ready_candidates_total_FINAL_237_integrity_check.csv,True,True
NODE_73919,False,NOT_IN_RESTORED_237,False,,False,False
NODE_6155,False,NOT_IN_RESTORED_237,False,,False,False
NODE_10262,False,NOT_IN_RESTORED_237,False,,False,False
NODE_10381,True,RESTORED_SIGNAL_STRUCTURE_OK,False,phase6_ready_candidates_total_FINAL_237.csv|phase6_ready_candidates_total_FINAL_237_integrity_check.csv,True,True
NODE_10382,True,RESTORED_SIGNAL_STRUCTURE_OK,False,phase6_ready_candidates_total_FINAL_237.csv|phase6_ready_candidates_total_FINAL_237_integrity_check.csv,True,True
NODE_10383,True,RESTORED_SIGNAL_STRUCTURE_OK,False,phase6_ready_candidates_total_FINAL_237.csv|phase6_ready_candidates_total_FINAL_237_integrity_check.csv,True,True
NODE_6084,False,NOT_IN_RESTORED_237,False,,False,False
NODE_122781,False,NOT_IN_RESTORED_237,False,,False,False
LINK_224750,False,NOT_IN_RESTORED_237,False,,False,False
NODE_9650,True,RESTORED_SIGNAL_STRUCTURE_OK,False,phase6_ready_candidates_total_FINAL_237.csv|phase6_ready_candidates_total_FINAL_237_integrity_check.csv,True,True
NODE_6419,False,NOT_IN_RESTORED_237,False,,False,False
NODE_6213,False,NOT_IN_RESTORED_237,False,,False,False
NODE_6068,False,NOT_IN_RESTORED_237,False,,False,False
NODE_6424,False,NOT_IN_RESTORED_237,False,,False,False
NODE_10061,False,NOT_IN_RESTORED_237,False,,False,False
LINK_86949,True,RESTORED_SIGNAL_STRUCTURE_OK,False,phase6_ready_candidates_total_FINAL_237.csv|phase6_ready_candidates_total_FINAL_237_integrity_check.csv,True,True
LINK_19394,False,NOT_IN_RESTORED_237,False,,False,False
LINK_230879,False,NOT_IN_RESTORED_237,False,,False,False
LINK_446,False,NOT_IN_RESTORED_237,False,,False,False
LINK_20482,False,NOT_IN_RESTORED_237,False,,False,False
LINK_83815,True,RESTORED_SIGNAL_STRUCTURE_OK,False,phase6_ready_candidates_total_FINAL_237.csv|phase6_ready_candidates_total_FINAL_237_integrity_check.csv,True,True
LINK_124840,False,NOT_IN_RESTORED_237,False,,False,False
LINK_224778,False,NOT_IN_RESTORED_237,False,,False,False
LINK_256826,True,RESTORED_SIGNAL_STRUCTURE_OK,False,phase6_ready_candidates_total_FINAL_237.csv|phase6_ready_candidates_total_FINAL_237_integrity_check.csv,True,True
NODE_6201,False,NOT_IN_RESTORED_237,False,,False,False
NODE_6212,False,NOT_IN_RESTORED_237,False,,False,False
LINK_130571,False,NOT_IN_RESTORED_237,False,,False,False
LINK_107613,False,NOT_IN_RESTORED_237,False,,False,False
LINK_266939,False,NOT_IN_RESTORED_237,False,,False,False
LINK_8035,False,NOT_IN_RESTORED_237,False,,False,False
NODE_8426,False,NOT_IN_RESTORED_237,False,,False,False
NODE_8369,True,RESTORED_SIGNAL_STRUCTURE_OK,False,phase6_ready_candidates_total_FINAL_237.csv|phase6_ready_candidates_total_FINAL_237_integrity_check.csv,True,True
LINK_153517,False,NOT_IN_RESTORED_237,False,,False,False
LINK_212169,False,NOT_IN_RESTORED_237,False,,False,False
LINK_239875,False,NOT_IN_RESTORED_237,False,,False,False
NODE_125895,True,RESTORED_SIGNAL_STRUCTURE_OK,False,phase6_ready_candidates_total_FINAL_237.csv|phase6_ready_candidates_total_FINAL_237_integrity_check.csv,True,True
LINK_239754,False,NOT_IN_RESTORED_237,False,,False,False
LINK_140740,False,NOT_IN_RESTORED_237,False,,False,False
LINK_249048,False,NOT_IN_RESTORED_237,False,,False,False
LINK_10218,False,NOT_IN_RESTORED_237,False,,False,False
LINK_188162,False,NOT_IN_RESTORED_237,False,,False,False
LINK_274692,False,NOT_IN_RESTORED_237,False,,False,False
LINK_106979,False,NOT_IN_RESTORED_237,False,,False,False
LINK_80550,True,RESTORED_SIGNAL_STRUCTURE_OK,False,phase6_ready_candidates_total_FINAL_237.csv|phase6_ready_candidates_total_FINAL_237_integrity_check.csv,True,True
LINK_84563,False,NOT_IN_RESTORED_237,False,,False,False
LINK_165020,False,NOT_IN_RESTORED_237,False,,False,False
LINK_281061,False,NOT_IN_RESTORED_237,False,,False,False
LINK_118297,False,NOT_IN_RESTORED_237,False,,False,False
LINK_274222,False,NOT_IN_RESTORED_237,False,,False,False
LINK_193845,False,NOT_IN_RESTORED_237,False,,False,False
LINK_110312,False,NOT_IN_RESTORED_237,False,,False,False
NODE_57526,False,NOT_IN_RESTORED_237,False,,False,False
LINK_211844,False,NOT_IN_RESTORED_237,False,,False,False
NODE_8452,True,RESTORED_SIGNAL_STRUCTURE_OK,False,phase6_ready_candidates_total_FINAL_237.csv|phase6_ready_candidates_total_FINAL_237_integrity_check.csv,True,True
NODE_8382,False,NOT_IN_RESTORED_237,False,,False,False
NODE_8431,False,NOT_IN_RESTORED_237,False,,False,False
NODE_10273,False,NOT_IN_RESTORED_237,False,,False,False
LINK_261783,False,NOT_IN_RESTORED_237,False,,False,False
LINK_168987,False,NOT_IN_RESTORED_237,False,,False,False
LINK_148587,False,NOT_IN_RESTORED_237,False,,False,False
LINK_190747,False,NOT_IN_RESTORED_237,False,,False,False
LINK_19944,False,NOT_IN_RESTORED_237,False,,False,False
LINK_122032,False,NOT_IN_RESTORED_237,False,,False,False
NODE_8086,False,NOT_IN_RESTORED_237,False,,False,False
NODE_9103,True,RESTORED_SIGNAL_STRUCTURE_OK,False,phase6_ready_candidates_total_FINAL_237.csv|phase6_ready_candidates_total_FINAL_237_integrity_check.csv,True,True
NODE_9115,True,RESTORED_SIGNAL_STRUCTURE_OK,False,phase6_ready_candidates_total_FINAL_237.csv|phase6_ready_candidates_total_FINAL_237_integrity_check.csv,True,True
NODE_126178,False,NOT_IN_RESTORED_237,False,,False,False
NODE_9494,False,NOT_IN_RESTORED_237,False,,False,False
NODE_10008,False,NOT_IN_RESTORED_237,False,,False,False
NODE_8668,False,NOT_IN_RESTORED_237,False,,False,False
NODE_8669,False,NOT_IN_RESTORED_237,False,,False,False
NODE_10007,False,NOT_IN_RESTORED_237,False,,False,False
NODE_8083,False,NOT_IN_RESTORED_237,False,,False,False
LINK_214213,False,NOT_IN_RESTORED_237,False,,False,False
LINK_178464,False,NOT_IN_RESTORED_237,False,,False,False
LINK_18211,False,NOT_IN_RESTORED_237,False,,False,False
LINK_251889,False,NOT_IN_RESTORED_237,False,,False,False
LINK_127869,False,NOT_IN_RESTORED_237,False,,False,False
LINK_216688,False,NOT_IN_RESTORED_237,False,,False,False
LINK_50898,True,RESTORED_SIGNAL_STRUCTURE_OK,False,phase6_ready_candidates_total_FINAL_237.csv|phase6_ready_candidates_total_FINAL_237_integrity_check.csv,True,True
NODE_8024,True,RESTORED_SIGNAL_STRUCTURE_OK,False,phase6_ready_candidates_total_FINAL_237.csv|phase6_ready_candidates_total_FINAL_237_integrity_check.csv,True,True
NODE_8022,False,NOT_IN_RESTORED_237,False,,False,False
NODE_8909,False,NOT_IN_RESTORED_237,False,,False,False
NODE_8912,False,NOT_IN_RESTORED_237,False,,False,False
NODE_8423,False,NOT_IN_RESTORED_237,False,,False,False
NODE_10279,True,RESTORED_SIGNAL_STRUCTURE_OK,False,phase6_ready_candidates_total_FINAL_237.csv|phase6_ready_candidates_total_FINAL_237_integrity_check.csv,True,True
NODE_8021,False,NOT_IN_RESTORED_237,False,,False,False
NODE_8026,False,NOT_IN_RESTORED_237,False,,False,False
NODE_8378,False,NOT_IN_RESTORED_237,False,,False,False
NODE_126003,False,NOT_IN_RESTORED_237,False,,False,False
NODE_8371,True,RESTORED_SIGNAL_STRUCTURE_OK,False,phase6_ready_candidates_total_FINAL_237.csv|phase6_ready_candidates_total_FINAL_237_integrity_check.csv,True,True
NODE_10266,False,NOT_IN_RESTORED_237,False,,False,False
NODE_8734,False,NOT_IN_RESTORED_237,False,,False,False
NODE_8725,False,NOT_IN_RESTORED_237,False,,False,False
NODE_126002,False,NOT_IN_RESTORED_237,False,,False,False
NODE_8469,True,RESTORED_SIGNAL_STRUCTURE_OK,False,phase6_ready_candidates_total_FINAL_237.csv|phase6_ready_candidates_total_FINAL_237_integrity_check.csv,True,True
NODE_8459,False,NOT_IN_RESTORED_237,False,,False,False
NODE_125994,False,NOT_IN_RESTORED_237,False,,False,False
NODE_10419,False,NOT_IN_RESTORED_237,False,,False,False
NODE_8834,False,NOT_IN_RESTORED_237,False,,False,False
NODE_8721,False,NOT_IN_RESTORED_237,False,,False,False
NODE_8733,False,NOT_IN_RESTORED_237,False,,False,False
NODE_8429,False,NOT_IN_RESTORED_237,False,,False,False
NODE_10303,False,NOT_IN_RESTORED_237,False,,False,False
NODE_8430,False,NOT_IN_RESTORED_237,False,,False,False
NODE_8717,False,NOT_IN_RESTORED_237,False,,False,False
NODE_8902,False,NOT_IN_RESTORED_237,False,,False,False
NODE_8722,True,RESTORED_SIGNAL_STRUCTURE_OK,False,phase6_ready_candidates_total_FINAL_237.csv|phase6_ready_candidates_total_FINAL_237_integrity_check.csv,True,True
LINK_254978,False,NOT_IN_RESTORED_237,False,,False,False
LINK_3009,False,NOT_IN_RESTORED_237,False,,False,False
NODE_8113,False,NOT_IN_RESTORED_237,False,,False,False
NODE_8082,False,NOT_IN_RESTORED_237,False,,False,False
LINK_182621,False,NOT_IN_RESTORED_237,False,,False,False
LINK_92843,False,NOT_IN_RESTORED_237,False,,False,False
LINK_262891,False,NOT_IN_RESTORED_237,False,,False,False
LINK_42623,False,NOT_IN_RESTORED_237,False,,False,False
LINK_106866,False,NOT_IN_RESTORED_237,False,,False,False
LINK_259721,False,NOT_IN_RESTORED_237,False,,False,False
LINK_63043,False,NOT_IN_RESTORED_237,False,,False,False
NODE_5938,False,NOT_IN_RESTORED_237,False,,False,False
LINK_120139,True,RESTORED_SIGNAL_STRUCTURE_OK,False,phase6_ready_candidates_total_FINAL_237.csv|phase6_ready_candidates_total_FINAL_237_integrity_check.csv,True,True
NODE_9699,False,NOT_IN_RESTORED_237,False,,False,False
NODE_23050,False,NOT_IN_RESTORED_237,False,,False,False
NODE_10331,True,RESTORED_SIGNAL_STRUCTURE_OK,False,phase6_ready_candidates_total_FINAL_237.csv|phase6_ready_candidates_total_FINAL_237_integrity_check.csv,True,True
NODE_23068,True,RESTORED_SIGNAL_STRUCTURE_OK,False,phase6_ready_candidates_total_FINAL_237.csv|phase6_ready_candidates_total_FINAL_237_integrity_check.csv,True,True
NODE_6465,False,NOT_IN_RESTORED_237,False,,False,False
NODE_6237,False,NOT_IN_RESTORED_237,False,,False,False
NODE_6284,False,NOT_IN_RESTORED_237,False,,False,False
NODE_6281,False,NOT_IN_RESTORED_237,False,,False,False
NODE_6453,False,NOT_IN_RESTORED_237,False,,False,False
NODE_6312,False,NOT_IN_RESTORED_237,False,,False,False
NODE_6337,False,NOT_IN_RESTORED_237,False,,False,False
NODE_6452,False,NOT_IN_RESTORED_237,False,,False,False
NODE_122543,False,NOT_IN_RESTORED_237,False,,False,False
NODE_6283,False,NOT_IN_RESTORED_237,False,,False,False
NODE_6473,False,NOT_IN_RESTORED_237,False,,False,False
NODE_6477,False,NOT_IN_RESTORED_237,False,,False,False
NODE_6480,False,NOT_IN_RESTORED_237,False,,False,False
NODE_6467,True,RESTORED_SIGNAL_STRUCTURE_OK,False,phase6_ready_candidates_total_FINAL_237.csv|phase6_ready_candidates_total_FINAL_237_integrity_check.csv,True,True
NODE_6471,False,NOT_IN_RESTORED_237,False,,False,False
NODE_5949,False,NOT_IN_RESTORED_237,False,,False,False
NODE_5960,False,NOT_IN_RESTORED_237,False,,False,False
NODE_6310,False,NOT_IN_RESTORED_237,False,,False,False
NODE_6511,False,NOT_IN_RESTORED_237,False,,False,False
NODE_5976,False,NOT_IN_RESTORED_237,False,,False,False
NODE_6512,False,NOT_IN_RESTORED_237,False,,False,False
LINK_4392,False,NOT_IN_RESTORED_237,False,,False,False
LINK_243373,False,NOT_IN_RESTORED_237,False,,False,False
NODE_120933,False,NOT_IN_RESTORED_237,False,,False,False
NODE_6446,False,NOT_IN_RESTORED_237,False,,False,False
NODE_6240,False,NOT_IN_RESTORED_237,False,,False,False
NODE_6498,False,NOT_IN_RESTORED_237,False,,False,False
NODE_6497,False,NOT_IN_RESTORED_237,False,,False,False
NODE_6456,False,NOT_IN_RESTORED_237,False,,False,False
NODE_6493,False,NOT_IN_RESTORED_237,False,,False,False
NODE_6239,False,NOT_IN_RESTORED_237,False,,False,False
NODE_6238,False,NOT_IN_RESTORED_237,False,,False,False
NODE_5914,False,NOT_IN_RESTORED_237,False,,False,False
NODE_5916,False,NOT_IN_RESTORED_237,False,,False,False
NODE_10341,False,NOT_IN_RESTORED_237,False,,False,False
NODE_10337,False,NOT_IN_RESTORED_237,False,,False,False
NODE_5908,False,NOT_IN_RESTORED_237,False,,False,False
NODE_10553,False,NOT_IN_RESTORED_237,False,,False,False
NODE_21867,False,NOT_IN_RESTORED_237,False,,False,False
NODE_31146,False,NOT_IN_RESTORED_237,False,,False,False
NODE_6447,False,NOT_IN_RESTORED_237,False,,False,False
NODE_6285,False,NOT_IN_RESTORED_237,False,,False,False
NODE_6246,False,NOT_IN_RESTORED_237,False,,False,False
LINK_164901,False,NOT_IN_RESTORED_237,False,,False,False
LINK_92227,False,NOT_IN_RESTORED_237,False,,False,False
LINK_68494,True,RESTORED_SIGNAL_STRUCTURE_OK,False,phase6_ready_candidates_total_FINAL_237.csv|phase6_ready_candidates_total_FINAL_237_integrity_check.csv,True,True
NODE_6275,False,NOT_IN_RESTORED_237,False,,False,False
NODE_21865,False,NOT_IN_RESTORED_237,False,,False,False
NODE_6338,False,NOT_IN_RESTORED_237,False,,False,False
NODE_6336,False,NOT_IN_RESTORED_237,False,,False,False
NODE_6286,False,NOT_IN_RESTORED_237,False,,False,False
NODE_6282,False,NOT_IN_RESTORED_237,False,,False,False
LINK_214150,False,NOT_IN_RESTORED_237,False,,False,False
LINK_67578,False,NOT_IN_RESTORED_237,False,,False,False
LINK_59016,False,NOT_IN_RESTORED_237,False,,False,False
LINK_74276,True,RESTORED_SIGNAL_STRUCTURE_OK,False,phase6_ready_candidates_total_FINAL_237.csv|phase6_ready_candidates_total_FINAL_237_integrity_check.csv,True,True
LINK_174074,False,NOT_IN_RESTORED_237,False,,False,False
LINK_59819,False,NOT_IN_RESTORED_237,False,,False,False
LINK_87853,False,NOT_IN_RESTORED_237,False,,False,False
LINK_50304,False,NOT_IN_RESTORED_237,False,,False,False
LINK_142978,False,NOT_IN_RESTORED_237,False,,False,False
NODE_9355,False,NOT_IN_RESTORED_237,False,,False,False
NODE_9396,False,NOT_IN_RESTORED_237,False,,False,False
NODE_8597,True,RESTORED_SIGNAL_STRUCTURE_OK,False,phase6_ready_candidates_total_FINAL_237.csv|phase6_ready_candidates_total_FINAL_237_integrity_check.csv,True,True
NODE_8865,False,NOT_IN_RESTORED_237,False,,False,False
NODE_9354,False,NOT_IN_RESTORED_237,False,,False,False
NODE_9989,False,NOT_IN_RESTORED_237,False,,False,False
LINK_27194,False,NOT_IN_RESTORED_237,False,,False,False
LINK_41734,False,NOT_IN_RESTORED_237,False,,False,False
LINK_87392,False,NOT_IN_RESTORED_237,False,,False,False
NODE_9336,False,NOT_IN_RESTORED_237,False,,False,False
NODE_9366,False,NOT_IN_RESTORED_237,False,,False,False
LINK_184901,False,NOT_IN_RESTORED_237,False,,False,False
LINK_266757,False,NOT_IN_RESTORED_237,False,,False,False
LINK_52248,True,RESTORED_SIGNAL_STRUCTURE_OK,False,phase6_ready_candidates_total_FINAL_237.csv|phase6_ready_candidates_total_FINAL_237_integrity_check.csv,True,True
LINK_62982,False,NOT_IN_RESTORED_237,False,,False,False
LINK_274982,False,NOT_IN_RESTORED_237,False,,False,False
LINK_171099,False,NOT_IN_RESTORED_237,False,,False,False
LINK_189134,False,NOT_IN_RESTORED_237,False,,False,False
LINK_174542,False,NOT_IN_RESTORED_237,False,,False,False
LINK_83307,False,NOT_IN_RESTORED_237,False,,False,False
LINK_138894,False,NOT_IN_RESTORED_237,False,,False,False
NODE_23041,True,RESTORED_PHASE6_READY,True,phase6_ready_candidates_total_FINAL_237.csv|phase6_ready_candidates_total_FINAL_237_integrity_check.csv,True,True
NODE_23039,True,RESTORED_PHASE6_READY,True,phase6_ready_candidates_total_FINAL_237.csv|phase6_ready_candidates_total_FINAL_237_integrity_check.csv,True,True
LINK_201684,False,NOT_IN_RESTORED_237,False,,False,False
LINK_210882,False,NOT_IN_RESTORED_237,False,,False,False
LINK_220151,False,NOT_IN_RESTORED_237,False,,False,False
NODE_21874,False,NOT_IN_RESTORED_237,False,,False,False
NODE_5863,False,NOT_IN_RESTORED_237,False,,False,False
LINK_165332,False,NOT_IN_RESTORED_237,False,,False,False
LINK_89744,False,NOT_IN_RESTORED_237,False,,False,False
LINK_6494,True,RESTORED_SIGNAL_STRUCTURE_OK,False,phase6_ready_candidates_total_FINAL_237.csv|phase6_ready_candidates_total_FINAL_237_integrity_check.csv,True,True
LINK_262750,True,RESTORED_SIGNAL_STRUCTURE_OK,False,phase6_ready_candidates_total_FINAL_237.csv|phase6_ready_candidates_total_FINAL_237_integrity_check.csv,True,True
LINK_108149,False,NOT_IN_RESTORED_237,False,,False,False
LINK_244326,True,RESTORED_SIGNAL_STRUCTURE_OK,False,phase6_ready_candidates_total_FINAL_237.csv|phase6_ready_candidates_total_FINAL_237_integrity_check.csv,True,True
LINK_239783,True,RESTORED_SIGNAL_STRUCTURE_OK,False,phase6_ready_candidates_total_FINAL_237.csv|phase6_ready_candidates_total_FINAL_237_integrity_check.csv,True,True
LINK_70067,True,RESTORED_SIGNAL_STRUCTURE_OK,False,phase6_ready_candidates_total_FINAL_237.csv|phase6_ready_candidates_total_FINAL_237_integrity_check.csv,True,True
LINK_127532,False,NOT_IN_RESTORED_237,False,,False,False
LINK_173252,False,NOT_IN_RESTORED_237,False,,False,False
LINK_159003,False,NOT_IN_RESTORED_237,False,,False,False
LINK_160658,True,RESTORED_SIGNAL_STRUCTURE_OK,False,phase6_ready_candidates_total_FINAL_237.csv|phase6_ready_candidates_total_FINAL_237_integrity_check.csv,True,True
LINK_9791,False,NOT_IN_RESTORED_237,False,,False,False
LINK_146267,True,RESTORED_SIGNAL_STRUCTURE_OK,False,phase6_ready_candidates_total_FINAL_237.csv|phase6_ready_candidates_total_FINAL_237_integrity_check.csv,True,True
NODE_24603,False,NOT_IN_RESTORED_237,False,,False,False
NODE_8898,False,NOT_IN_RESTORED_237,False,,False,False
NODE_8901,True,RESTORED_SIGNAL_STRUCTURE_OK,False,phase6_ready_candidates_total_FINAL_237.csv|phase6_ready_candidates_total_FINAL_237_integrity_check.csv,True,True
NODE_8903,False,NOT_IN_RESTORED_237,False,,False,False
NODE_8594,False,NOT_IN_RESTORED_237,False,,False,False
NODE_8895,True,RESTORED_SIGNAL_STRUCTURE_OK,False,phase6_ready_candidates_total_FINAL_237.csv|phase6_ready_candidates_total_FINAL_237_integrity_check.csv,True,True
NODE_8864,False,NOT_IN_RESTORED_237,False,,False,False
NODE_8052,False,NOT_IN_RESTORED_237,False,,False,False
NODE_125905,True,RESTORED_SIGNAL_STRUCTURE_OK,False,phase6_ready_candidates_total_FINAL_237.csv|phase6_ready_candidates_total_FINAL_237_integrity_check.csv,True,True
NODE_165595,True,RESTORED_SIGNAL_STRUCTURE_OK,False,phase6_ready_candidates_total_FINAL_237.csv|phase6_ready_candidates_total_FINAL_237_integrity_check.csv,True,True
NODE_24601,True,RESTORED_SIGNAL_STRUCTURE_OK,False,phase6_ready_candidates_total_FINAL_237.csv|phase6_ready_candidates_total_FINAL_237_integrity_check.csv,True,True
NODE_24602,False,NOT_IN_RESTORED_237,False,,False,False
NODE_8051,False,NOT_IN_RESTORED_237,False,,False,False
NODE_10212,True,RESTORED_SIGNAL_STRUCTURE_OK,False,phase6_ready_candidates_total_FINAL_237.csv|phase6_ready_candidates_total_FINAL_237_integrity_check.csv,True,True
NODE_9477,False,NOT_IN_RESTORED_237,False,,False,False
NODE_8593,False,NOT_IN_RESTORED_237,False,,False,False
LINK_74259,False,NOT_IN_RESTORED_237,False,,False,False
LINK_237014,False,NOT_IN_RESTORED_237,False,,False,False
LINK_148018,False,NOT_IN_RESTORED_237,False,,False,False
LINK_154018,False,NOT_IN_RESTORED_237,False,,False,False
LINK_277412,False,NOT_IN_RESTORED_237,False,,False,False
NODE_165598,True,RESTORED_SIGNAL_STRUCTURE_OK,False,phase6_ready_candidates_total_FINAL_237.csv|phase6_ready_candidates_total_FINAL_237_integrity_check.csv,True,True
NODE_10413,True,RESTORED_SIGNAL_STRUCTURE_OK,False,phase6_ready_candidates_total_FINAL_237.csv|phase6_ready_candidates_total_FINAL_237_integrity_check.csv,True,True
NODE_8729,True,RESTORED_SIGNAL_STRUCTURE_OK,False,phase6_ready_candidates_total_FINAL_237.csv|phase6_ready_candidates_total_FINAL_237_integrity_check.csv,True,True
NODE_165599,True,RESTORED_SIGNAL_STRUCTURE_OK,False,phase6_ready_candidates_total_FINAL_237.csv|phase6_ready_candidates_total_FINAL_237_integrity_check.csv,True,True
NODE_8232,True,RESTORED_SIGNAL_STRUCTURE_OK,False,phase6_ready_candidates_total_FINAL_237.csv|phase6_ready_candidates_total_FINAL_237_integrity_check.csv,True,True
NODE_8708,False,NOT_IN_RESTORED_237,False,,False,False
NODE_24600,False,NOT_IN_RESTORED_237,False,,False,False
NODE_10174,True,RESTORED_SIGNAL_STRUCTURE_OK,False,phase6_ready_candidates_total_FINAL_237.csv|phase6_ready_candidates_total_FINAL_237_integrity_check.csv,True,True
NODE_8786,True,RESTORED_SIGNAL_STRUCTURE_OK,False,phase6_ready_candidates_total_FINAL_237.csv|phase6_ready_candidates_total_FINAL_237_integrity_check.csv,True,True
NODE_8783,False,NOT_IN_RESTORED_237,False,,False,False
NODE_8176,True,RESTORED_SIGNAL_STRUCTURE_OK,False,phase6_ready_candidates_total_FINAL_237.csv|phase6_ready_candidates_total_FINAL_237_integrity_check.csv,True,True
NODE_8234,True,RESTORED_SIGNAL_STRUCTURE_OK,False,phase6_ready_candidates_total_FINAL_237.csv|phase6_ready_candidates_total_FINAL_237_integrity_check.csv,True,True
NODE_8239,True,RESTORED_SIGNAL_STRUCTURE_OK,False,phase6_ready_candidates_total_FINAL_237.csv|phase6_ready_candidates_total_FINAL_237_integrity_check.csv,True,True
NODE_8237,True,RESTORED_SIGNAL_STRUCTURE_OK,False,phase6_ready_candidates_total_FINAL_237.csv|phase6_ready_candidates_total_FINAL_237_integrity_check.csv,True,True
NODE_8238,True,RESTORED_SIGNAL_STRUCTURE_OK,False,phase6_ready_candidates_total_FINAL_237.csv|phase6_ready_candidates_total_FINAL_237_integrity_check.csv,True,True
NODE_8231,True,RESTORED_SIGNAL_STRUCTURE_OK,False,phase6_ready_candidates_total_FINAL_237.csv|phase6_ready_candidates_total_FINAL_237_integrity_check.csv,True,True
NODE_10175,False,NOT_IN_RESTORED_237,False,,False,False
NODE_8241,True,RESTORED_SIGNAL_STRUCTURE_OK,False,phase6_ready_candidates_total_FINAL_237.csv|phase6_ready_candidates_total_FINAL_237_integrity_check.csv,True,True
NODE_8233,True,RESTORED_SIGNAL_STRUCTURE_OK,False,phase6_ready_candidates_total_FINAL_237.csv|phase6_ready_candidates_total_FINAL_237_integrity_check.csv,True,True
NODE_10173,True,RESTORED_SIGNAL_STRUCTURE_OK,False,phase6_ready_candidates_total_FINAL_237.csv|phase6_ready_candidates_total_FINAL_237_integrity_check.csv,True,True
NODE_8236,True,RESTORED_SIGNAL_STRUCTURE_OK,False,phase6_ready_candidates_total_FINAL_237.csv|phase6_ready_candidates_total_FINAL_237_integrity_check.csv,True,True
NODE_8240,True,RESTORED_SIGNAL_STRUCTURE_OK,False,phase6_ready_candidates_total_FINAL_237.csv|phase6_ready_candidates_total_FINAL_237_integrity_check.csv,True,True
LINK_209761,True,RESTORED_SIGNAL_STRUCTURE_OK,False,phase6_ready_candidates_total_FINAL_237.csv|phase6_ready_candidates_total_FINAL_237_integrity_check.csv,True,True
LINK_100398,False,NOT_IN_RESTORED_237,False,,False,False
LINK_142385,False,NOT_IN_RESTORED_237,False,,False,False
LINK_257363,False,NOT_IN_RESTORED_237,False,,False,False
LINK_86001,False,NOT_IN_RESTORED_237,False,,False,False
LINK_38073,False,NOT_IN_RESTORED_237,False,,False,False
NODE_10009,False,NOT_IN_RESTORED_237,False,,False,False
NODE_8581,False,NOT_IN_RESTORED_237,False,,False,False
NODE_8620,False,NOT_IN_RESTORED_237,False,,False,False
NODE_8676,False,NOT_IN_RESTORED_237,False,,False,False
NODE_8574,False,NOT_IN_RESTORED_237,False,,False,False
NODE_8576,False,NOT_IN_RESTORED_237,False,,False,False
NODE_8572,False,NOT_IN_RESTORED_237,False,,False,False
LINK_78053,False,NOT_IN_RESTORED_237,False,,False,False
LINK_45889,False,NOT_IN_RESTORED_237,False,,False,False
LINK_117788,True,RESTORED_SIGNAL_STRUCTURE_OK,False,phase6_ready_candidates_total_FINAL_237.csv|phase6_ready_candidates_total_FINAL_237_integrity_check.csv,True,True
LINK_103088,True,RESTORED_SIGNAL_STRUCTURE_OK,False,phase6_ready_candidates_total_FINAL_237.csv|phase6_ready_candidates_total_FINAL_237_integrity_check.csv,True,True
NODE_8578,False,NOT_IN_RESTORED_237,False,,False,False
NODE_10250,False,NOT_IN_RESTORED_237,False,,False,False
NODE_8678,False,NOT_IN_RESTORED_237,False,,False,False
NODE_8675,False,NOT_IN_RESTORED_237,False,,False,False
LINK_70940,False,NOT_IN_RESTORED_237,False,,False,False
LINK_187115,False,NOT_IN_RESTORED_237,False,,False,False
LINK_211251,True,RESTORED_SIGNAL_STRUCTURE_OK,False,phase6_ready_candidates_total_FINAL_237.csv|phase6_ready_candidates_total_FINAL_237_integrity_check.csv,True,True
LINK_89083,True,RESTORED_SIGNAL_STRUCTURE_OK,False,phase6_ready_candidates_total_FINAL_237.csv|phase6_ready_candidates_total_FINAL_237_integrity_check.csv,True,True
LINK_144405,True,RESTORED_SIGNAL_STRUCTURE_OK,False,phase6_ready_candidates_total_FINAL_237.csv|phase6_ready_candidates_total_FINAL_237_integrity_check.csv,True,True
LINK_242267,False,NOT_IN_RESTORED_237,False,,False,False
NODE_5959,False,NOT_IN_RESTORED_237,False,,False,False
NODE_9678,False,NOT_IN_RESTORED_237,False,,False,False
LINK_211900,True,RESTORED_SIGNAL_STRUCTURE_OK,False,phase6_ready_candidates_total_FINAL_237.csv|phase6_ready_candidates_total_FINAL_237_integrity_check.csv,True,True
LINK_43316,False,NOT_IN_RESTORED_237,False,,False,False
LINK_241309,False,NOT_IN_RESTORED_237,False,,False,False
LINK_16345,True,RESTORED_SIGNAL_STRUCTURE_OK,False,phase6_ready_candidates_total_FINAL_237.csv|phase6_ready_candidates_total_FINAL_237_integrity_check.csv,True,True
LINK_255224,False,NOT_IN_RESTORED_237,False,,False,False
LINK_161242,False,NOT_IN_RESTORED_237,False,,False,False
LINK_170408,True,RESTORED_SIGNAL_STRUCTURE_OK,False,phase6_ready_candidates_total_FINAL_237.csv|phase6_ready_candidates_total_FINAL_237_integrity_check.csv,True,True
LINK_109871,False,NOT_IN_RESTORED_237,False,,False,False
NODE_5962,False,NOT_IN_RESTORED_237,False,,False,False
NODE_9698,False,NOT_IN_RESTORED_237,False,,False,False
NODE_5957,False,NOT_IN_RESTORED_237,False,,False,False
NODE_5958,False,NOT_IN_RESTORED_237,False,,False,False
NODE_10342,False,NOT_IN_RESTORED_237,False,,False,False
NODE_5906,False,NOT_IN_RESTORED_237,False,,False,False
NODE_89746,False,NOT_IN_RESTORED_237,False,,False,False
NODE_5905,False,NOT_IN_RESTORED_237,False,,False,False
NODE_5907,False,NOT_IN_RESTORED_237,False,,False,False
NODE_10346,False,NOT_IN_RESTORED_237,False,,False,False
NODE_15414,False,NOT_IN_RESTORED_237,False,,False,False
NODE_31145,False,NOT_IN_RESTORED_237,False,,False,False
NODE_15413,True,RESTORED_SIGNAL_STRUCTURE_OK,False,phase6_ready_candidates_total_FINAL_237.csv|phase6_ready_candidates_total_FINAL_237_integrity_check.csv,True,True
NODE_15406,False,NOT_IN_RESTORED_237,False,,False,False
NODE_15407,False,NOT_IN_RESTORED_237,False,,False,False
NODE_15405,False,NOT_IN_RESTORED_237,False,,False,False
NODE_6495,False,NOT_IN_RESTORED_237,False,,False,False
LINK_168284,True,RESTORED_SIGNAL_STRUCTURE_OK,False,phase6_ready_candidates_total_FINAL_237.csv|phase6_ready_candidates_total_FINAL_237_integrity_check.csv,True,True
LINK_20004,False,NOT_IN_RESTORED_237,False,,False,False
LINK_273449,False,NOT_IN_RESTORED_237,False,,False,False
LINK_119141,False,NOT_IN_RESTORED_237,False,,False,False
LINK_216150,True,RESTORED_SIGNAL_STRUCTURE_OK,False,phase6_ready_candidates_total_FINAL_237.csv|phase6_ready_candidates_total_FINAL_237_integrity_check.csv,True,True
LINK_277588,False,NOT_IN_RESTORED_237,False,,False,False
LINK_163017,False,NOT_IN_RESTORED_237,False,,False,False
NODE_5665,False,NOT_IN_RESTORED_237,False,,False,False
NODE_119044,False,NOT_IN_RESTORED_237,False,,False,False
LINK_275637,False,NOT_IN_RESTORED_237,False,,False,False
LINK_264633,False,NOT_IN_RESTORED_237,False,,False,False
NODE_10114,False,NOT_IN_RESTORED_237,False,,False,False
NODE_6583,False,NOT_IN_RESTORED_237,False,,False,False
NODE_10104,False,NOT_IN_RESTORED_237,False,,False,False
NODE_10098,False,NOT_IN_RESTORED_237,False,,False,False
NODE_6592,False,NOT_IN_RESTORED_237,False,,False,False
NODE_10113,False,NOT_IN_RESTORED_237,False,,False,False
NODE_6451,False,NOT_IN_RESTORED_237,False,,False,False
NODE_6494,True,RESTORED_SIGNAL_STRUCTURE_OK,False,phase6_ready_candidates_total_FINAL_237.csv|phase6_ready_candidates_total_FINAL_237_integrity_check.csv,True,True
NODE_6444,False,NOT_IN_RESTORED_237,False,,False,False
NODE_6445,False,NOT_IN_RESTORED_237,False,,False,False
NODE_15411,True,RESTORED_SIGNAL_STRUCTURE_OK,False,phase6_ready_candidates_total_FINAL_237.csv|phase6_ready_candidates_total_FINAL_237_integrity_check.csv,True,True
NODE_6481,True,RESTORED_SIGNAL_STRUCTURE_OK,False,phase6_ready_candidates_total_FINAL_237.csv|phase6_ready_candidates_total_FINAL_237_integrity_check.csv,True,True
LINK_134401,True,RESTORED_SIGNAL_STRUCTURE_OK,False,phase6_ready_candidates_total_FINAL_237.csv|phase6_ready_candidates_total_FINAL_237_integrity_check.csv,True,True
LINK_278254,False,NOT_IN_RESTORED_237,False,,False,False
LINK_224872,False,NOT_IN_RESTORED_237,False,,False,False
LINK_209579,False,NOT_IN_RESTORED_237,False,,False,False
NODE_14616,False,NOT_IN_RESTORED_237,False,,False,False
NODE_15225,False,NOT_IN_RESTORED_237,False,,False,False
NODE_119039,False,NOT_IN_RESTORED_237,False,,False,False
NODE_15242,False,NOT_IN_RESTORED_237,False,,False,False
NODE_15201,True,RESTORED_SIGNAL_STRUCTURE_OK,False,phase6_ready_candidates_total_FINAL_237.csv|phase6_ready_candidates_total_FINAL_237_integrity_check.csv,True,True
NODE_15205,True,RESTORED_SIGNAL_STRUCTURE_OK,False,phase6_ready_candidates_total_FINAL_237.csv|phase6_ready_candidates_total_FINAL_237_integrity_check.csv,True,True
NODE_119023,False,NOT_IN_RESTORED_237,False,,False,False
NODE_15226,False,NOT_IN_RESTORED_237,False,,False,False
NODE_15227,False,NOT_IN_RESTORED_237,False,,False,False
LINK_220627,True,RESTORED_SIGNAL_STRUCTURE_OK,False,phase6_ready_candidates_total_FINAL_237.csv|phase6_ready_candidates_total_FINAL_237_integrity_check.csv,True,True
LINK_160197,False,NOT_IN_RESTORED_237,False,,False,False
LINK_109531,False,NOT_IN_RESTORED_237,False,,False,False
LINK_245779,False,NOT_IN_RESTORED_237,False,,False,False
NODE_119026,False,NOT_IN_RESTORED_237,False,,False,False
NODE_9628,True,RESTORED_SIGNAL_STRUCTURE_OK,False,phase6_ready_candidates_total_FINAL_237.csv|phase6_ready_candidates_total_FINAL_237_integrity_check.csv,True,True
NODE_98363,False,NOT_IN_RESTORED_237,False,,False,False
NODE_15246,False,NOT_IN_RESTORED_237,False,,False,False
NODE_14914,False,NOT_IN_RESTORED_237,False,,False,False
NODE_5672,False,NOT_IN_RESTORED_237,False,,False,False
NODE_141676,False,NOT_IN_RESTORED_237,False,,False,False
LINK_142586,True,RESTORED_PHASE6_READY,True,phase6_ready_candidates_total_FINAL_237.csv|phase6_ready_candidates_total_FINAL_237_integrity_check.csv,True,True
LINK_66156,False,NOT_IN_RESTORED_237,False,,False,False
LINK_72320,False,NOT_IN_RESTORED_237,False,,False,False
NODE_127438,False,NOT_IN_RESTORED_237,False,,False,False
LINK_206382,False,NOT_IN_RESTORED_237,False,,False,False
LINK_33134,False,NOT_IN_RESTORED_237,False,,False,False
LINK_213230,False,NOT_IN_RESTORED_237,False,,False,False
LINK_171326,False,NOT_IN_RESTORED_237,False,,False,False
NODE_115695,False,NOT_IN_RESTORED_237,False,,False,False
NODE_14921,False,NOT_IN_RESTORED_237,False,,False,False
LINK_122941,False,NOT_IN_RESTORED_237,False,,False,False
LINK_220455,False,NOT_IN_RESTORED_237,False,,False,False
NODE_7854,False,NOT_IN_RESTORED_237,False,,False,False
NODE_8339,False,NOT_IN_RESTORED_237,False,,False,False
LINK_92706,False,NOT_IN_RESTORED_237,False,,False,False
LINK_194896,False,NOT_IN_RESTORED_237,False,,False,False
LINK_257409,True,RESTORED_SIGNAL_STRUCTURE_OK,False,phase6_ready_candidates_total_FINAL_237.csv|phase6_ready_candidates_total_FINAL_237_integrity_check.csv,True,True
LINK_237598,False,NOT_IN_RESTORED_237,False,,False,False
LINK_157547,False,NOT_IN_RESTORED_237,False,,False,False
LINK_168966,False,NOT_IN_RESTORED_237,False,,False,False
LINK_88614,False,NOT_IN_RESTORED_237,False,,False,False
LINK_158240,False,NOT_IN_RESTORED_237,False,,False,False
LINK_254657,False,NOT_IN_RESTORED_237,False,,False,False
LINK_28280,False,NOT_IN_RESTORED_237,False,,False,False
LINK_164557,False,NOT_IN_RESTORED_237,False,,False,False
LINK_127611,False,NOT_IN_RESTORED_237,False,,False,False
LINK_244479,False,NOT_IN_RESTORED_237,False,,False,False
NODE_15409,False,NOT_IN_RESTORED_237,False,,False,False
NODE_7490,False,NOT_IN_RESTORED_237,False,,False,False
NODE_20732,False,NOT_IN_RESTORED_237,False,,False,False
NODE_9795,False,NOT_IN_RESTORED_237,False,,False,False
NODE_72082,False,NOT_IN_RESTORED_237,False,,False,False
NODE_9796,False,NOT_IN_RESTORED_237,False,,False,False
NODE_6770,False,NOT_IN_RESTORED_237,False,,False,False
NODE_7856,False,NOT_IN_RESTORED_237,False,,False,False
NODE_20512,True,RESTORED_SIGNAL_STRUCTURE_OK,False,phase6_ready_candidates_total_FINAL_237.csv|phase6_ready_candidates_total_FINAL_237_integrity_check.csv,True,True
NODE_20733,False,NOT_IN_RESTORED_237,False,,False,False
NODE_6795,False,NOT_IN_RESTORED_237,False,,False,False
NODE_6794,False,NOT_IN_RESTORED_237,False,,False,False
LINK_215498,False,NOT_IN_RESTORED_237,False,,False,False
LINK_38216,False,NOT_IN_RESTORED_237,False,,False,False
LINK_127039,False,NOT_IN_RESTORED_237,False,,False,False
NODE_9834,False,NOT_IN_RESTORED_237,False,,False,False
NODE_9824,False,NOT_IN_RESTORED_237,False,,False,False
NODE_8068,False,NOT_IN_RESTORED_237,False,,False,False
NODE_8069,False,NOT_IN_RESTORED_237,False,,False,False
NODE_9826,False,NOT_IN_RESTORED_237,False,,False,False
NODE_9902,False,NOT_IN_RESTORED_237,False,,False,False
NODE_9829,False,NOT_IN_RESTORED_237,False,,False,False
NODE_7509,False,NOT_IN_RESTORED_237,False,,False,False
NODE_9920,False,NOT_IN_RESTORED_237,False,,False,False
LINK_192754,False,NOT_IN_RESTORED_237,False,,False,False
NODE_20735,True,RESTORED_SIGNAL_STRUCTURE_OK,False,phase6_ready_candidates_total_FINAL_237.csv|phase6_ready_candidates_total_FINAL_237_integrity_check.csv,True,True
NODE_7863,False,NOT_IN_RESTORED_237,False,,False,False
NODE_20728,False,NOT_IN_RESTORED_237,False,,False,False
NODE_20727,True,RESTORED_SIGNAL_STRUCTURE_OK,False,phase6_ready_candidates_total_FINAL_237.csv|phase6_ready_candidates_total_FINAL_237_integrity_check.csv,True,True
NODE_9774,False,NOT_IN_RESTORED_237,False,,False,False
NODE_7609,False,NOT_IN_RESTORED_237,False,,False,False
NODE_6769,False,NOT_IN_RESTORED_237,False,,False,False
NODE_7611,False,NOT_IN_RESTORED_237,False,,False,False
NODE_20545,False,NOT_IN_RESTORED_237,False,,False,False
NODE_20513,True,RESTORED_SIGNAL_STRUCTURE_OK,False,phase6_ready_candidates_total_FINAL_237.csv|phase6_ready_candidates_total_FINAL_237_integrity_check.csv,True,True
NODE_7862,False,NOT_IN_RESTORED_237,False,,False,False
NODE_7636,False,NOT_IN_RESTORED_237,False,,False,False
LINK_206435,False,NOT_IN_RESTORED_237,False,,False,False
LINK_131124,False,NOT_IN_RESTORED_237,False,,False,False
LINK_219756,False,NOT_IN_RESTORED_237,False,,False,False
NODE_8340,True,RESTORED_SIGNAL_STRUCTURE_OK,False,phase6_ready_candidates_total_FINAL_237.csv|phase6_ready_candidates_total_FINAL_237_integrity_check.csv,True,True
NODE_15554,False,NOT_IN_RESTORED_237,False,,False,False
NODE_7097,False,NOT_IN_RESTORED_237,False,,False,False
NODE_7096,False,NOT_IN_RESTORED_237,False,,False,False
NODE_7100,False,NOT_IN_RESTORED_237,False,,False,False
NODE_7099,False,NOT_IN_RESTORED_237,False,,False,False
NODE_7101,False,NOT_IN_RESTORED_237,False,,False,False
NODE_67361,False,NOT_IN_RESTORED_237,False,,False,False
NODE_24599,False,NOT_IN_RESTORED_237,False,,False,False
NODE_9914,False,NOT_IN_RESTORED_237,False,,False,False
NODE_9831,False,NOT_IN_RESTORED_237,False,,False,False
NODE_7725,False,NOT_IN_RESTORED_237,False,,False,False
NODE_7348,False,NOT_IN_RESTORED_237,False,,False,False
NODE_8165,False,NOT_IN_RESTORED_237,False,,False,False
NODE_7508,False,NOT_IN_RESTORED_237,False,,False,False
NODE_8168,False,NOT_IN_RESTORED_237,False,,False,False
NODE_8139,False,NOT_IN_RESTORED_237,False,,False,False
NODE_8132,False,NOT_IN_RESTORED_237,False,,False,False
NODE_7102,False,NOT_IN_RESTORED_237,False,,False,False
NODE_7103,False,NOT_IN_RESTORED_237,False,,False,False
NODE_10570,False,NOT_IN_RESTORED_237,False,,False,False
LINK_164054,False,NOT_IN_RESTORED_237,False,,False,False
NODE_7855,False,NOT_IN_RESTORED_237,False,,False,False
NODE_6531,False,NOT_IN_RESTORED_237,False,,False,False
NODE_7504,False,NOT_IN_RESTORED_237,False,,False,False
NODE_7828,False,NOT_IN_RESTORED_237,False,,False,False
NODE_7507,False,NOT_IN_RESTORED_237,False,,False,False
NODE_7829,False,NOT_IN_RESTORED_237,False,,False,False
LINK_135350,False,NOT_IN_RESTORED_237,False,,False,False
LINK_140981,True,RESTORED_SIGNAL_STRUCTURE_OK,False,phase6_ready_candidates_total_FINAL_237.csv|phase6_ready_candidates_total_FINAL_237_integrity_check.csv,True,True
LINK_37320,False,NOT_IN_RESTORED_237,False,,False,False
NODE_7853,False,NOT_IN_RESTORED_237,False,,False,False
NODE_7747,False,NOT_IN_RESTORED_237,False,,False,False
NODE_71666,False,NOT_IN_RESTORED_237,False,,False,False
NODE_10148,True,RESTORED_SIGNAL_STRUCTURE_OK,False,phase6_ready_candidates_total_FINAL_237.csv|phase6_ready_candidates_total_FINAL_237_integrity_check.csv,True,True
NODE_72038,False,NOT_IN_RESTORED_237,False,,False,False
NODE_9915,False,NOT_IN_RESTORED_237,False,,False,False
NODE_7067,False,NOT_IN_RESTORED_237,False,,False,False
NODE_7511,False,NOT_IN_RESTORED_237,False,,False,False
NODE_7660,False,NOT_IN_RESTORED_237,False,,False,False
NODE_7510,False,NOT_IN_RESTORED_237,False,,False,False
NODE_7664,False,NOT_IN_RESTORED_237,False,,False,False
NODE_7663,False,NOT_IN_RESTORED_237,False,,False,False
LINK_30202,False,NOT_IN_RESTORED_237,False,,False,False
LINK_272952,False,NOT_IN_RESTORED_237,False,,False,False
LINK_4458,False,NOT_IN_RESTORED_237,False,,False,False
LINK_7929,False,NOT_IN_RESTORED_237,False,,False,False
LINK_95249,False,NOT_IN_RESTORED_237,False,,False,False
LINK_78915,False,NOT_IN_RESTORED_237,False,,False,False
LINK_102621,False,NOT_IN_RESTORED_237,False,,False,False
LINK_11329,False,NOT_IN_RESTORED_237,False,,False,False
NODE_74154,False,NOT_IN_RESTORED_237,False,,False,False
NODE_9899,False,NOT_IN_RESTORED_237,False,,False,False
NODE_125786,False,NOT_IN_RESTORED_237,False,,False,False
NODE_125787,False,NOT_IN_RESTORED_237,False,,False,False
NODE_9901,False,NOT_IN_RESTORED_237,False,,False,False
NODE_9900,False,NOT_IN_RESTORED_237,False,,False,False
NODE_8167,False,NOT_IN_RESTORED_237,False,,False,False
NODE_8166,False,NOT_IN_RESTORED_237,False,,False,False
NODE_8163,False,NOT_IN_RESTORED_237,False,,False,False
NODE_7661,False,NOT_IN_RESTORED_237,False,,False,False
LINK_231834,False,NOT_IN_RESTORED_237,False,,False,False
LINK_64827,True,RESTORED_SIGNAL_STRUCTURE_OK,False,phase6_ready_candidates_total_FINAL_237.csv|phase6_ready_candidates_total_FINAL_237_integrity_check.csv,True,True
LINK_86812,False,NOT_IN_RESTORED_237,False,,False,False
LINK_177912,False,NOT_IN_RESTORED_237,False,,False,False
LINK_202556,False,NOT_IN_RESTORED_237,False,,False,False
LINK_240200,False,NOT_IN_RESTORED_237,False,,False,False
LINK_271404,False,NOT_IN_RESTORED_237,False,,False,False
LINK_89578,False,NOT_IN_RESTORED_237,False,,False,False
LINK_81094,False,NOT_IN_RESTORED_237,False,,False,False
LINK_147477,False,NOT_IN_RESTORED_237,False,,False,False
LINK_83050,True,RESTORED_PHASE6_READY,True,phase6_ready_candidates_total_FINAL_237.csv|phase6_ready_candidates_total_FINAL_237_integrity_check.csv,True,True
NODE_9117,True,RESTORED_SIGNAL_STRUCTURE_OK,False,phase6_ready_candidates_total_FINAL_237.csv|phase6_ready_candidates_total_FINAL_237_integrity_check.csv,True,True
LINK_150851,False,NOT_IN_RESTORED_237,False,,False,False
LINK_229146,True,RESTORED_PHASE6_READY,True,phase6_ready_candidates_total_FINAL_237.csv|phase6_ready_candidates_total_FINAL_237_integrity_check.csv,True,True
LINK_251602,False,NOT_IN_RESTORED_237,False,,False,False
LINK_211088,False,NOT_IN_RESTORED_237,False,,False,False
LINK_65652,False,NOT_IN_RESTORED_237,False,,False,False
LINK_110719,False,NOT_IN_RESTORED_237,False,,False,False
LINK_131956,False,NOT_IN_RESTORED_237,False,,False,False
LINK_231550,True,RESTORED_SIGNAL_STRUCTURE_OK,False,phase6_ready_candidates_total_FINAL_237.csv|phase6_ready_candidates_total_FINAL_237_integrity_check.csv,True,True
NODE_9403,False,NOT_IN_RESTORED_237,False,,False,False
NODE_163164,False,NOT_IN_RESTORED_237,False,,False,False
NODE_9404,False,NOT_IN_RESTORED_237,False,,False,False
NODE_127536,False,NOT_IN_RESTORED_237,False,,False,False
NODE_9445,False,NOT_IN_RESTORED_237,False,,False,False
LINK_119210,False,NOT_IN_RESTORED_237,False,,False,False
LINK_232532,True,RESTORED_SIGNAL_STRUCTURE_OK,False,phase6_ready_candidates_total_FINAL_237.csv|phase6_ready_candidates_total_FINAL_237_integrity_check.csv,True,True
LINK_20293,True,RESTORED_SIGNAL_STRUCTURE_OK,False,phase6_ready_candidates_total_FINAL_237.csv|phase6_ready_candidates_total_FINAL_237_integrity_check.csv,True,True
LINK_208949,False,NOT_IN_RESTORED_237,False,,False,False
LINK_71260,False,NOT_IN_RESTORED_237,False,,False,False
LINK_17905,False,NOT_IN_RESTORED_237,False,,False,False
LINK_12641,False,NOT_IN_RESTORED_237,False,,False,False
LINK_90747,True,RESTORED_PHASE6_READY,True,phase6_ready_candidates_total_FINAL_237.csv|phase6_ready_candidates_total_FINAL_237_integrity_check.csv,True,True
LINK_164651,True,RESTORED_PHASE6_READY,True,phase6_ready_candidates_total_FINAL_237.csv|phase6_ready_candidates_total_FINAL_237_integrity_check.csv,True,True
LINK_150972,False,NOT_IN_RESTORED_237,False,,False,False
LINK_266315,False,NOT_IN_RESTORED_237,False,,False,False
LINK_23736,False,NOT_IN_RESTORED_237,False,,False,False
LINK_60054,False,NOT_IN_RESTORED_237,False,,False,False
LINK_262775,True,RESTORED_SIGNAL_STRUCTURE_OK,False,phase6_ready_candidates_total_FINAL_237.csv|phase6_ready_candidates_total_FINAL_237_integrity_check.csv,True,True
NODE_73941,False,NOT_IN_RESTORED_237,False,,False,False
NODE_9697,True,RESTORED_SIGNAL_STRUCTURE_OK,False,phase6_ready_candidates_total_FINAL_237.csv|phase6_ready_candidates_total_FINAL_237_integrity_check.csv,True,True
LINK_9732,False,NOT_IN_RESTORED_237,False,,False,False
LINK_89832,False,NOT_IN_RESTORED_237,False,,False,False
NODE_8583,False,NOT_IN_RESTORED_237,False,,False,False
NODE_137174,False,NOT_IN_RESTORED_237,False,,False,False
NODE_8577,False,NOT_IN_RESTORED_237,False,,False,False
NODE_8568,False,NOT_IN_RESTORED_237,False,,False,False
NODE_8567,False,NOT_IN_RESTORED_237,False,,False,False
NODE_9886,False,NOT_IN_RESTORED_237,False,,False,False
NODE_6891,False,NOT_IN_RESTORED_237,False,,False,False
NODE_7408,False,NOT_IN_RESTORED_237,False,,False,False
NODE_89,False,NOT_IN_RESTORED_237,False,,False,False
NODE_7400,False,NOT_IN_RESTORED_237,False,,False,False
LINK_181021,False,NOT_IN_RESTORED_237,False,,False,False
LINK_142707,False,NOT_IN_RESTORED_237,False,,False,False
NODE_8579,False,NOT_IN_RESTORED_237,False,,False,False
NODE_8580,False,NOT_IN_RESTORED_237,False,,False,False
NODE_8682,False,NOT_IN_RESTORED_237,False,,False,False
LINK_51413,False,NOT_IN_RESTORED_237,False,,False,False
NODE_7001,False,NOT_IN_RESTORED_237,False,,False,False
NODE_7002,False,NOT_IN_RESTORED_237,False,,False,False
NODE_7008,False,NOT_IN_RESTORED_237,False,,False,False
NODE_6734,False,NOT_IN_RESTORED_237,False,,False,False
NODE_6652,True,RESTORED_SIGNAL_STRUCTURE_OK,False,phase6_ready_candidates_total_FINAL_237.csv|phase6_ready_candidates_total_FINAL_237_integrity_check.csv,True,True
NODE_6745,False,NOT_IN_RESTORED_237,False,,False,False
NODE_7020,False,NOT_IN_RESTORED_237,False,,False,False
NODE_7018,False,NOT_IN_RESTORED_237,False,,False,False
NODE_7012,False,NOT_IN_RESTORED_237,False,,False,False
NODE_6755,False,NOT_IN_RESTORED_237,False,,False,False
NODE_6725,False,NOT_IN_RESTORED_237,False,,False,False
NODE_6683,True,RESTORED_SIGNAL_STRUCTURE_OK,False,phase6_ready_candidates_total_FINAL_237.csv|phase6_ready_candidates_total_FINAL_237_integrity_check.csv,True,True
NODE_6738,False,NOT_IN_RESTORED_237,False,,False,False
NODE_6739,False,NOT_IN_RESTORED_237,False,,False,False
NODE_6680,True,RESTORED_SIGNAL_STRUCTURE_OK,False,phase6_ready_candidates_total_FINAL_237.csv|phase6_ready_candidates_total_FINAL_237_integrity_check.csv,True,True
NODE_6655,False,NOT_IN_RESTORED_237,False,,False,False
NODE_7407,False,NOT_IN_RESTORED_237,False,,False,False
NODE_7409,False,NOT_IN_RESTORED_237,False,,False,False
NODE_7406,False,NOT_IN_RESTORED_237,False,,False,False
NODE_7405,False,NOT_IN_RESTORED_237,False,,False,False
NODE_7396,False,NOT_IN_RESTORED_237,False,,False,False
NODE_22045,True,RESTORED_SIGNAL_STRUCTURE_OK,False,phase6_ready_candidates_total_FINAL_237.csv|phase6_ready_candidates_total_FINAL_237_integrity_check.csv,True,True
NODE_22106,True,RESTORED_SIGNAL_STRUCTURE_OK,False,phase6_ready_candidates_total_FINAL_237.csv|phase6_ready_candidates_total_FINAL_237_integrity_check.csv,True,True
NODE_23051,False,NOT_IN_RESTORED_237,False,,False,False
NODE_9878,False,NOT_IN_RESTORED_237,False,,False,False
NODE_9887,False,NOT_IN_RESTORED_237,False,,False,False
NODE_6740,False,NOT_IN_RESTORED_237,False,,False,False
NODE_6735,False,NOT_IN_RESTORED_237,False,,False,False
NODE_7410,False,NOT_IN_RESTORED_237,False,,False,False
NODE_7411,False,NOT_IN_RESTORED_237,False,,False,False
NODE_6727,True,RESTORED_SIGNAL_STRUCTURE_OK,False,phase6_ready_candidates_total_FINAL_237.csv|phase6_ready_candidates_total_FINAL_237_integrity_check.csv,True,True
NODE_6896,False,NOT_IN_RESTORED_237,False,,False,False
NODE_7419,False,NOT_IN_RESTORED_237,False,,False,False
NODE_7425,False,NOT_IN_RESTORED_237,False,,False,False
NODE_7434,False,NOT_IN_RESTORED_237,False,,False,False
NODE_7332,False,NOT_IN_RESTORED_237,False,,False,False
NODE_122275,False,NOT_IN_RESTORED_237,False,,False,False
NODE_10328,False,NOT_IN_RESTORED_237,False,,False,False
NODE_6902,False,NOT_IN_RESTORED_237,False,,False,False
NODE_7007,False,NOT_IN_RESTORED_237,False,,False,False
LINK_280415,False,NOT_IN_RESTORED_237,False,,False,False
LINK_116154,True,RESTORED_SIGNAL_STRUCTURE_OK,False,phase6_ready_candidates_total_FINAL_237.csv|phase6_ready_candidates_total_FINAL_237_integrity_check.csv,True,True
LINK_98240,False,NOT_IN_RESTORED_237,False,,False,False
LINK_281011,False,NOT_IN_RESTORED_237,False,,False,False
LINK_196143,False,NOT_IN_RESTORED_237,False,,False,False
LINK_228582,False,NOT_IN_RESTORED_237,False,,False,False
LINK_39038,True,RESTORED_SIGNAL_STRUCTURE_OK,False,phase6_ready_candidates_total_FINAL_237.csv|phase6_ready_candidates_total_FINAL_237_integrity_check.csv,True,True
LINK_180758,False,NOT_IN_RESTORED_237,False,,False,False
LINK_43356,False,NOT_IN_RESTORED_237,False,,False,False
LINK_243810,False,NOT_IN_RESTORED_237,False,,False,False
LINK_135150,False,NOT_IN_RESTORED_237,False,,False,False
LINK_108305,False,NOT_IN_RESTORED_237,False,,False,False
LINK_141309,False,NOT_IN_RESTORED_237,False,,False,False
LINK_218464,False,NOT_IN_RESTORED_237,False,,False,False
LINK_167180,False,NOT_IN_RESTORED_237,False,,False,False
LINK_264638,False,NOT_IN_RESTORED_237,False,,False,False
LINK_130715,False,NOT_IN_RESTORED_237,False,,False,False
NODE_8062,True,RESTORED_SIGNAL_STRUCTURE_OK,False,phase6_ready_candidates_total_FINAL_237.csv|phase6_ready_candidates_total_FINAL_237_integrity_check.csv,True,True
LINK_28118,False,NOT_IN_RESTORED_237,False,,False,False
LINK_242148,False,NOT_IN_RESTORED_237,False,,False,False
LINK_187335,False,NOT_IN_RESTORED_237,False,,False,False
LINK_1149,False,NOT_IN_RESTORED_237,False,,False,False
LINK_148352,False,NOT_IN_RESTORED_237,False,,False,False
LINK_155216,False,NOT_IN_RESTORED_237,False,,False,False
LINK_67096,False,NOT_IN_RESTORED_237,False,,False,False
LINK_168397,False,NOT_IN_RESTORED_237,False,,False,False
LINK_187451,False,NOT_IN_RESTORED_237,False,,False,False
LINK_66665,True,RESTORED_SIGNAL_STRUCTURE_OK,False,phase6_ready_candidates_total_FINAL_237.csv|phase6_ready_candidates_total_FINAL_237_integrity_check.csv,True,True
NODE_15244,False,NOT_IN_RESTORED_237,False,,False,False
NODE_15152,True,RESTORED_SIGNAL_STRUCTURE_OK,False,phase6_ready_candidates_total_FINAL_237.csv|phase6_ready_candidates_total_FINAL_237_integrity_check.csv,True,True
NODE_15197,True,RESTORED_SIGNAL_STRUCTURE_OK,False,phase6_ready_candidates_total_FINAL_237.csv|phase6_ready_candidates_total_FINAL_237_integrity_check.csv,True,True
LINK_209032,False,NOT_IN_RESTORED_237,False,,False,False
LINK_156498,True,RESTORED_SIGNAL_STRUCTURE_OK,False,phase6_ready_candidates_total_FINAL_237.csv|phase6_ready_candidates_total_FINAL_237_integrity_check.csv,True,True
NODE_8609,False,NOT_IN_RESTORED_237,False,,False,False
NODE_8606,True,RESTORED_SIGNAL_STRUCTURE_OK,False,phase6_ready_candidates_total_FINAL_237.csv|phase6_ready_candidates_total_FINAL_237_integrity_check.csv,True,True
NODE_8607,True,RESTORED_SIGNAL_STRUCTURE_OK,False,phase6_ready_candidates_total_FINAL_237.csv|phase6_ready_candidates_total_FINAL_237_integrity_check.csv,True,True
NODE_8612,False,NOT_IN_RESTORED_237,False,,False,False
LINK_260247,True,RESTORED_SIGNAL_STRUCTURE_OK,False,phase6_ready_candidates_total_FINAL_237.csv|phase6_ready_candidates_total_FINAL_237_integrity_check.csv,True,True
LINK_41280,False,NOT_IN_RESTORED_237,False,,False,False
LINK_44500,False,NOT_IN_RESTORED_237,False,,False,False
LINK_24931,False,NOT_IN_RESTORED_237,False,,False,False
LINK_23970,False,NOT_IN_RESTORED_237,False,,False,False
LINK_186738,False,NOT_IN_RESTORED_237,False,,False,False
LINK_137776,False,NOT_IN_RESTORED_237,False,,False,False
LINK_273448,False,NOT_IN_RESTORED_237,False,,False,False
LINK_214362,True,RESTORED_SIGNAL_STRUCTURE_OK,False,phase6_ready_candidates_total_FINAL_237.csv|phase6_ready_candidates_total_FINAL_237_integrity_check.csv,True,True
LINK_100063,True,RESTORED_SIGNAL_STRUCTURE_OK,False,phase6_ready_candidates_total_FINAL_237.csv|phase6_ready_candidates_total_FINAL_237_integrity_check.csv,True,True
LINK_258928,True,RESTORED_SIGNAL_STRUCTURE_OK,False,phase6_ready_candidates_total_FINAL_237.csv|phase6_ready_candidates_total_FINAL_237_integrity_check.csv,True,True
LINK_214921,False,NOT_IN_RESTORED_237,False,,False,False
NODE_20729,False,NOT_IN_RESTORED_237,False,,False,False
NODE_7066,False,NOT_IN_RESTORED_237,False,,False,False
NODE_6527,False,NOT_IN_RESTORED_237,False,,False,False
LINK_913,False,NOT_IN_RESTORED_237,False,,False,False
LINK_239893,False,NOT_IN_RESTORED_237,False,,False,False
LINK_208146,False,NOT_IN_RESTORED_237,False,,False,False
LINK_33399,False,NOT_IN_RESTORED_237,False,,False,False
LINK_104700,False,NOT_IN_RESTORED_237,False,,False,False
LINK_93053,False,NOT_IN_RESTORED_237,False,,False,False
NODE_8077,False,NOT_IN_RESTORED_237,False,,False,False
NODE_9896,False,NOT_IN_RESTORED_237,False,,False,False
NODE_15436,True,RESTORED_SIGNAL_STRUCTURE_OK,False,phase6_ready_candidates_total_FINAL_237.csv|phase6_ready_candidates_total_FINAL_237_integrity_check.csv,True,True
LINK_125027,True,RESTORED_SIGNAL_STRUCTURE_OK,False,phase6_ready_candidates_total_FINAL_237.csv|phase6_ready_candidates_total_FINAL_237_integrity_check.csv,True,True
LINK_75603,False,NOT_IN_RESTORED_237,False,,False,False
LINK_268226,False,NOT_IN_RESTORED_237,False,,False,False
NODE_9830,False,NOT_IN_RESTORED_237,False,,False,False
NODE_67359,False,NOT_IN_RESTORED_237,False,,False,False
NODE_9832,False,NOT_IN_RESTORED_237,False,,False,False
NODE_9833,False,NOT_IN_RESTORED_237,False,,False,False
NODE_7349,False,NOT_IN_RESTORED_237,False,,False,False
NODE_7346,False,NOT_IN_RESTORED_237,False,,False,False
NODE_7347,False,NOT_IN_RESTORED_237,False,,False,False
NODE_7358,False,NOT_IN_RESTORED_237,False,,False,False
NODE_6939,False,NOT_IN_RESTORED_237,False,,False,False
NODE_7365,False,NOT_IN_RESTORED_237,False,,False,False
NODE_6942,False,NOT_IN_RESTORED_237,False,,False,False
NODE_6941,False,NOT_IN_RESTORED_237,False,,False,False
NODE_7341,False,NOT_IN_RESTORED_237,False,,False,False
NODE_9820,False,NOT_IN_RESTORED_237,False,,False,False
NODE_7530,False,NOT_IN_RESTORED_237,False,,False,False
NODE_7343,False,NOT_IN_RESTORED_237,False,,False,False
NODE_7342,False,NOT_IN_RESTORED_237,False,,False,False
NODE_7350,False,NOT_IN_RESTORED_237,False,,False,False
LINK_207236,True,RESTORED_SIGNAL_STRUCTURE_OK,False,phase6_ready_candidates_total_FINAL_237.csv|phase6_ready_candidates_total_FINAL_237_integrity_check.csv,True,True
LINK_25583,False,NOT_IN_RESTORED_237,False,,False,False
LINK_122540,False,NOT_IN_RESTORED_237,False,,False,False
LINK_100038,False,NOT_IN_RESTORED_237,False,,False,False
LINK_84414,True,RESTORED_SIGNAL_STRUCTURE_OK,False,phase6_ready_candidates_total_FINAL_237.csv|phase6_ready_candidates_total_FINAL_237_integrity_check.csv,True,True
LINK_265692,True,RESTORED_SIGNAL_STRUCTURE_OK,False,phase6_ready_candidates_total_FINAL_237.csv|phase6_ready_candidates_total_FINAL_237_integrity_check.csv,True,True
LINK_150250,False,NOT_IN_RESTORED_237,False,,False,False
LINK_97674,False,NOT_IN_RESTORED_237,False,,False,False
LINK_148830,False,NOT_IN_RESTORED_237,False,,False,False
LINK_196213,False,NOT_IN_RESTORED_237,False,,False,False
LINK_211702,False,NOT_IN_RESTORED_237,False,,False,False
LINK_130177,False,NOT_IN_RESTORED_237,False,,False,False
LINK_222242,False,NOT_IN_RESTORED_237,False,,False,False
LINK_41242,False,NOT_IN_RESTORED_237,False,,False,False
NODE_10335,False,NOT_IN_RESTORED_237,False,,False,False
NODE_167173,False,NOT_IN_RESTORED_237,False,,False,False
LINK_246134,False,NOT_IN_RESTORED_237,False,,False,False
LINK_263058,False,NOT_IN_RESTORED_237,False,,False,False
LINK_196815,False,NOT_IN_RESTORED_237,False,,False,False
NODE_72235,False,NOT_IN_RESTORED_237,False,,False,False
NODE_9097,False,NOT_IN_RESTORED_237,False,,False,False
NODE_9096,False,NOT_IN_RESTORED_237,False,,False,False
NODE_9443,False,NOT_IN_RESTORED_237,False,,False,False
NODE_151,True,RESTORED_SIGNAL_STRUCTURE_OK,False,phase6_ready_candidates_total_FINAL_237.csv|phase6_ready_candidates_total_FINAL_237_integrity_check.csv,True,True
NODE_9444,False,NOT_IN_RESTORED_237,False,,False,False
NODE_10368,False,NOT_IN_RESTORED_237,False,,False,False
NODE_137963,False,NOT_IN_RESTORED_237,False,,False,False
NODE_9068,False,NOT_IN_RESTORED_237,False,,False,False
NODE_9105,True,RESTORED_SIGNAL_STRUCTURE_OK,False,phase6_ready_candidates_total_FINAL_237.csv|phase6_ready_candidates_total_FINAL_237_integrity_check.csv,True,True
NODE_9076,False,NOT_IN_RESTORED_237,False,,False,False
NODE_164569,False,NOT_IN_RESTORED_237,False,,False,False
NODE_9098,False,NOT_IN_RESTORED_237,False,,False,False
NODE_137,False,NOT_IN_RESTORED_237,False,,False,False
NODE_8596,False,NOT_IN_RESTORED_237,False,,False,False
NODE_8438,True,RESTORED_SIGNAL_STRUCTURE_OK,False,phase6_ready_candidates_total_FINAL_237.csv|phase6_ready_candidates_total_FINAL_237_integrity_check.csv,True,True
NODE_8587,False,NOT_IN_RESTORED_237,False,,False,False
NODE_8061,True,RESTORED_SIGNAL_STRUCTURE_OK,False,phase6_ready_candidates_total_FINAL_237.csv|phase6_ready_candidates_total_FINAL_237_integrity_check.csv,True,True
NODE_10363,True,RESTORED_SIGNAL_STRUCTURE_OK,False,phase6_ready_candidates_total_FINAL_237.csv|phase6_ready_candidates_total_FINAL_237_integrity_check.csv,True,True
NODE_10366,True,RESTORED_SIGNAL_STRUCTURE_OK,False,phase6_ready_candidates_total_FINAL_237.csv|phase6_ready_candidates_total_FINAL_237_integrity_check.csv,True,True
NODE_8613,True,RESTORED_SIGNAL_STRUCTURE_OK,False,phase6_ready_candidates_total_FINAL_237.csv|phase6_ready_candidates_total_FINAL_237_integrity_check.csv,True,True
NODE_8614,True,RESTORED_SIGNAL_STRUCTURE_OK,False,phase6_ready_candidates_total_FINAL_237.csv|phase6_ready_candidates_total_FINAL_237_integrity_check.csv,True,True
LINK_73341,False,NOT_IN_RESTORED_237,False,,False,False
NODE_9634,False,NOT_IN_RESTORED_237,False,,False,False
NODE_5647,False,NOT_IN_RESTORED_237,False,,False,False
LINK_101145,False,NOT_IN_RESTORED_237,False,,False,False
LINK_138395,False,NOT_IN_RESTORED_237,False,,False,False
LINK_159607,False,NOT_IN_RESTORED_237,False,,False,False
NODE_8191,False,NOT_IN_RESTORED_237,False,,False,False
NODE_8184,True,RESTORED_SIGNAL_STRUCTURE_OK,False,phase6_ready_candidates_total_FINAL_237.csv|phase6_ready_candidates_total_FINAL_237_integrity_check.csv,True,True
NODE_20739,True,RESTORED_SIGNAL_STRUCTURE_OK,False,phase6_ready_candidates_total_FINAL_237.csv|phase6_ready_candidates_total_FINAL_237_integrity_check.csv,True,True
NODE_21805,False,NOT_IN_RESTORED_237,False,,False,False
LINK_53546,False,NOT_IN_RESTORED_237,False,,False,False
LINK_241836,False,NOT_IN_RESTORED_237,False,,False,False
LINK_227486,False,NOT_IN_RESTORED_237,False,,False,False
LINK_16484,False,NOT_IN_RESTORED_237,False,,False,False
LINK_202359,False,NOT_IN_RESTORED_237,False,,False,False
LINK_185781,False,NOT_IN_RESTORED_237,False,,False,False
LINK_53935,True,RESTORED_SIGNAL_STRUCTURE_OK,False,phase6_ready_candidates_total_FINAL_237.csv|phase6_ready_candidates_total_FINAL_237_integrity_check.csv,True,True
LINK_153649,False,NOT_IN_RESTORED_237,False,,False,False
LINK_239353,False,NOT_IN_RESTORED_237,False,,False,False
LINK_41337,False,NOT_IN_RESTORED_237,False,,False,False
LINK_64757,True,RESTORED_SIGNAL_STRUCTURE_OK,False,phase6_ready_candidates_total_FINAL_237.csv|phase6_ready_candidates_total_FINAL_237_integrity_check.csv,True,True
LINK_54426,False,NOT_IN_RESTORED_237,False,,False,False
LINK_254465,True,RESTORED_SIGNAL_STRUCTURE_OK,False,phase6_ready_candidates_total_FINAL_237.csv|phase6_ready_candidates_total_FINAL_237_integrity_check.csv,True,True
NODE_6830,False,NOT_IN_RESTORED_237,False,,False,False
LINK_64385,False,NOT_IN_RESTORED_237,False,,False,False
LINK_137452,False,NOT_IN_RESTORED_237,False,,False,False
LINK_141039,True,RESTORED_SIGNAL_STRUCTURE_OK,False,phase6_ready_candidates_total_FINAL_237.csv|phase6_ready_candidates_total_FINAL_237_integrity_check.csv,True,True
NODE_6651,False,NOT_IN_RESTORED_237,False,,False,False
LINK_14818,False,NOT_IN_RESTORED_237,False,,False,False
NODE_5912,False,NOT_IN_RESTORED_237,False,,False,False
NODE_5899,False,NOT_IN_RESTORED_237,False,,False,False
LINK_101007,False,NOT_IN_RESTORED_237,False,,False,False
LINK_104659,False,NOT_IN_RESTORED_237,False,,False,False
NODE_10360,False,NOT_IN_RESTORED_237,False,,False,False
NODE_6897,False,NOT_IN_RESTORED_237,False,,False,False
NODE_7320,False,NOT_IN_RESTORED_237,False,,False,False
NODE_10350,True,RESTORED_SIGNAL_STRUCTURE_OK,False,phase6_ready_candidates_total_FINAL_237.csv|phase6_ready_candidates_total_FINAL_237_integrity_check.csv,True,True
NODE_10357,False,NOT_IN_RESTORED_237,False,,False,False
NODE_10359,True,RESTORED_SIGNAL_STRUCTURE_OK,False,phase6_ready_candidates_total_FINAL_237.csv|phase6_ready_candidates_total_FINAL_237_integrity_check.csv,True,True
NODE_6485,True,RESTORED_SIGNAL_STRUCTURE_OK,False,phase6_ready_candidates_total_FINAL_237.csv|phase6_ready_candidates_total_FINAL_237_integrity_check.csv,True,True
NODE_6486,True,RESTORED_SIGNAL_STRUCTURE_OK,False,phase6_ready_candidates_total_FINAL_237.csv|phase6_ready_candidates_total_FINAL_237_integrity_check.csv,True,True
NODE_6496,True,RESTORED_SIGNAL_STRUCTURE_OK,False,phase6_ready_candidates_total_FINAL_237.csv|phase6_ready_candidates_total_FINAL_237_integrity_check.csv,True,True
NODE_15410,True,RESTORED_SIGNAL_STRUCTURE_OK,False,phase6_ready_candidates_total_FINAL_237.csv|phase6_ready_candidates_total_FINAL_237_integrity_check.csv,True,True
NODE_6484,True,RESTORED_SIGNAL_STRUCTURE_OK,False,phase6_ready_candidates_total_FINAL_237.csv|phase6_ready_candidates_total_FINAL_237_integrity_check.csv,True,True
NODE_6474,False,NOT_IN_RESTORED_237,False,,False,False
NODE_6827,False,NOT_IN_RESTORED_237,False,,False,False
NODE_6645,False,NOT_IN_RESTORED_237,False,,False,False
NODE_6775,False,NOT_IN_RESTORED_237,False,,False,False
NODE_6807,True,RESTORED_SIGNAL_STRUCTURE_OK,False,phase6_ready_candidates_total_FINAL_237.csv|phase6_ready_candidates_total_FINAL_237_integrity_check.csv,True,True
NODE_9705,False,NOT_IN_RESTORED_237,False,,False,False
NODE_122035,True,RESTORED_SIGNAL_STRUCTURE_OK,False,phase6_ready_candidates_total_FINAL_237.csv|phase6_ready_candidates_total_FINAL_237_integrity_check.csv,True,True
NODE_6632,False,NOT_IN_RESTORED_237,False,,False,False
NODE_9694,True,RESTORED_SIGNAL_STRUCTURE_OK,False,phase6_ready_candidates_total_FINAL_237.csv|phase6_ready_candidates_total_FINAL_237_integrity_check.csv,True,True
NODE_6597,False,NOT_IN_RESTORED_237,False,,False,False
LINK_133605,True,RESTORED_SIGNAL_STRUCTURE_OK,False,phase6_ready_candidates_total_FINAL_237.csv|phase6_ready_candidates_total_FINAL_237_integrity_check.csv,True,True
LINK_110765,False,NOT_IN_RESTORED_237,False,,False,False
LINK_161197,True,RESTORED_SIGNAL_STRUCTURE_OK,False,phase6_ready_candidates_total_FINAL_237.csv|phase6_ready_candidates_total_FINAL_237_integrity_check.csv,True,True
LINK_188293,True,RESTORED_SIGNAL_STRUCTURE_OK,False,phase6_ready_candidates_total_FINAL_237.csv|phase6_ready_candidates_total_FINAL_237_integrity_check.csv,True,True
LINK_118905,False,NOT_IN_RESTORED_237,False,,False,False
LINK_74874,False,NOT_IN_RESTORED_237,False,,False,False
LINK_164776,True,RESTORED_SIGNAL_STRUCTURE_OK,False,phase6_ready_candidates_total_FINAL_237.csv|phase6_ready_candidates_total_FINAL_237_integrity_check.csv,True,True
LINK_232849,True,RESTORED_SIGNAL_STRUCTURE_OK,False,phase6_ready_candidates_total_FINAL_237.csv|phase6_ready_candidates_total_FINAL_237_integrity_check.csv,True,True
NODE_6701,False,NOT_IN_RESTORED_237,False,,False,False
NODE_6702,False,NOT_IN_RESTORED_237,False,,False,False
NODE_6704,False,NOT_IN_RESTORED_237,False,,False,False
NODE_6685,True,RESTORED_SIGNAL_STRUCTURE_OK,False,phase6_ready_candidates_total_FINAL_237.csv|phase6_ready_candidates_total_FINAL_237_integrity_check.csv,True,True
NODE_23053,True,RESTORED_SIGNAL_STRUCTURE_OK,False,phase6_ready_candidates_total_FINAL_237.csv|phase6_ready_candidates_total_FINAL_237_integrity_check.csv,True,True
NODE_6705,False,NOT_IN_RESTORED_237,False,,False,False
NODE_6706,False,NOT_IN_RESTORED_237,False,,False,False
NODE_6703,False,NOT_IN_RESTORED_237,False,,False,False
NODE_6684,True,RESTORED_SIGNAL_STRUCTURE_OK,False,phase6_ready_candidates_total_FINAL_237.csv|phase6_ready_candidates_total_FINAL_237_integrity_check.csv,True,True
NODE_6686,True,RESTORED_SIGNAL_STRUCTURE_OK,False,phase6_ready_candidates_total_FINAL_237.csv|phase6_ready_candidates_total_FINAL_237_integrity_check.csv,True,True
NODE_9714,False,NOT_IN_RESTORED_237,False,,False,False
NODE_6710,False,NOT_IN_RESTORED_237,False,,False,False
NODE_6682,True,RESTORED_SIGNAL_STRUCTURE_OK,False,phase6_ready_candidates_total_FINAL_237.csv|phase6_ready_candidates_total_FINAL_237_integrity_check.csv,True,True
LINK_13014,False,NOT_IN_RESTORED_237,False,,False,False
LINK_133416,True,RESTORED_SIGNAL_STRUCTURE_OK,False,phase6_ready_candidates_total_FINAL_237.csv|phase6_ready_candidates_total_FINAL_237_integrity_check.csv,True,True
NODE_14951,True,RESTORED_SIGNAL_STRUCTURE_OK,False,phase6_ready_candidates_total_FINAL_237.csv|phase6_ready_candidates_total_FINAL_237_integrity_check.csv,True,True
NODE_15151,True,RESTORED_SIGNAL_STRUCTURE_OK,False,phase6_ready_candidates_total_FINAL_237.csv|phase6_ready_candidates_total_FINAL_237_integrity_check.csv,True,True
NODE_5590,False,NOT_IN_RESTORED_237,False,,False,False
LINK_91564,False,NOT_IN_RESTORED_237,False,,False,False
LINK_280907,False,NOT_IN_RESTORED_237,False,,False,False
LINK_104438,False,NOT_IN_RESTORED_237,False,,False,False
LINK_250282,False,NOT_IN_RESTORED_237,False,,False,False
LINK_81974,False,NOT_IN_RESTORED_237,False,,False,False
NODE_6829,False,NOT_IN_RESTORED_237,False,,False,False
LINK_256669,False,NOT_IN_RESTORED_237,False,,False,False
LINK_265448,True,RESTORED_SIGNAL_STRUCTURE_OK,False,phase6_ready_candidates_total_FINAL_237.csv|phase6_ready_candidates_total_FINAL_237_integrity_check.csv,True,True
LINK_261333,False,NOT_IN_RESTORED_237,False,,False,False
NODE_21803,False,NOT_IN_RESTORED_237,False,,False,False
NODE_6026,False,NOT_IN_RESTORED_237,False,,False,False
LINK_114760,True,RESTORED_SIGNAL_STRUCTURE_OK,False,phase6_ready_candidates_total_FINAL_237.csv|phase6_ready_candidates_total_FINAL_237_integrity_check.csv,True,True
NODE_214528,False,NOT_IN_RESTORED_237,False,,False,False
NODE_214527,False,NOT_IN_RESTORED_237,False,,False,False
NODE_6831,False,NOT_IN_RESTORED_237,False,,False,False
NODE_214526,False,NOT_IN_RESTORED_237,False,,False,False
LINK_89767,False,NOT_IN_RESTORED_237,False,,False,False
LINK_138942,True,RESTORED_PHASE6_READY,True,phase6_ready_candidates_total_FINAL_237.csv|phase6_ready_candidates_total_FINAL_237_integrity_check.csv,True,True
NODE_119583,False,NOT_IN_RESTORED_237,False,,False,False
NODE_5760,False,NOT_IN_RESTORED_237,False,,False,False
NODE_119046,False,NOT_IN_RESTORED_237,False,,False,False
NODE_5935,False,NOT_IN_RESTORED_237,False,,False,False
NODE_5932,False,NOT_IN_RESTORED_237,False,,False,False
NODE_9661,False,NOT_IN_RESTORED_237,False,,False,False
NODE_9658,False,NOT_IN_RESTORED_237,False,,False,False
NODE_5782,False,NOT_IN_RESTORED_237,False,,False,False
NODE_23043,False,NOT_IN_RESTORED_237,False,,False,False
NODE_5811,False,NOT_IN_RESTORED_237,False,,False,False
NODE_5934,False,NOT_IN_RESTORED_237,False,,False,False
NODE_119054,False,NOT_IN_RESTORED_237,False,,False,False
NODE_9663,False,NOT_IN_RESTORED_237,False,,False,False
NODE_5975,False,NOT_IN_RESTORED_237,False,,False,False
NODE_6276,False,NOT_IN_RESTORED_237,False,,False,False
NODE_5781,False,NOT_IN_RESTORED_237,False,,False,False
NODE_5963,False,NOT_IN_RESTORED_237,False,,False,False
NODE_67360,False,NOT_IN_RESTORED_237,False,,False,False
LINK_239902,False,NOT_IN_RESTORED_237,False,,False,False
LINK_68010,False,NOT_IN_RESTORED_237,False,,False,False
NODE_10261,False,NOT_IN_RESTORED_237,False,,False,False
NODE_9660,False,NOT_IN_RESTORED_237,False,,False,False
NODE_6343,False,NOT_IN_RESTORED_237,False,,False,False
NODE_5759,True,RESTORED_SIGNAL_STRUCTURE_OK,False,phase6_ready_candidates_total_FINAL_237.csv|phase6_ready_candidates_total_FINAL_237_integrity_check.csv,True,True
NODE_6019,False,NOT_IN_RESTORED_237,False,,False,False
NODE_179107,False,NOT_IN_RESTORED_237,False,,False,False
NODE_119045,False,NOT_IN_RESTORED_237,False,,False,False
NODE_5933,False,NOT_IN_RESTORED_237,False,,False,False
NODE_5666,False,NOT_IN_RESTORED_237,False,,False,False
NODE_5826,False,NOT_IN_RESTORED_237,False,,False,False
LINK_171758,False,NOT_IN_RESTORED_237,False,,False,False
LINK_173604,False,NOT_IN_RESTORED_237,False,,False,False
LINK_148824,False,NOT_IN_RESTORED_237,False,,False,False
LINK_121248,False,NOT_IN_RESTORED_237,False,,False,False
LINK_99304,False,NOT_IN_RESTORED_237,False,,False,False
LINK_179767,False,NOT_IN_RESTORED_237,False,,False,False
LINK_279472,True,RESTORED_SIGNAL_STRUCTURE_OK,False,phase6_ready_candidates_total_FINAL_237.csv|phase6_ready_candidates_total_FINAL_237_integrity_check.csv,True,True
LINK_281698,False,NOT_IN_RESTORED_237,False,,False,False
NODE_73940,False,NOT_IN_RESTORED_237,False,,False,False
LINK_32847,False,NOT_IN_RESTORED_237,False,,False,False
NODE_8064,False,NOT_IN_RESTORED_237,False,,False,False
NODE_5825,False,NOT_IN_RESTORED_237,False,,False,False
NODE_5823,False,NOT_IN_RESTORED_237,False,,False,False
NODE_15257,False,NOT_IN_RESTORED_237,False,,False,False
NODE_9633,False,NOT_IN_RESTORED_237,False,,False,False
NODE_6822,False,NOT_IN_RESTORED_237,False,,False,False
NODE_9632,False,NOT_IN_RESTORED_237,False,,False,False
LINK_132131,True,RESTORED_SIGNAL_STRUCTURE_OK,False,phase6_ready_candidates_total_FINAL_237.csv|phase6_ready_candidates_total_FINAL_237_integrity_check.csv,True,True
LINK_177162,True,RESTORED_SIGNAL_STRUCTURE_OK,False,phase6_ready_candidates_total_FINAL_237.csv|phase6_ready_candidates_total_FINAL_237_integrity_check.csv,True,True
LINK_31837,False,NOT_IN_RESTORED_237,False,,False,False
LINK_142629,True,RESTORED_SIGNAL_STRUCTURE_OK,False,phase6_ready_candidates_total_FINAL_237.csv|phase6_ready_candidates_total_FINAL_237_integrity_check.csv,True,True
LINK_228468,False,NOT_IN_RESTORED_237,False,,False,False
LINK_43439,True,RESTORED_SIGNAL_STRUCTURE_OK,False,phase6_ready_candidates_total_FINAL_237.csv|phase6_ready_candidates_total_FINAL_237_integrity_check.csv,True,True
LINK_19804,True,RESTORED_SIGNAL_STRUCTURE_OK,False,phase6_ready_candidates_total_FINAL_237.csv|phase6_ready_candidates_total_FINAL_237_integrity_check.csv,True,True
LINK_24125,False,NOT_IN_RESTORED_237,False,,False,False
LINK_275096,False,NOT_IN_RESTORED_237,False,,False,False
NODE_10369,True,RESTORED_SIGNAL_STRUCTURE_OK,False,phase6_ready_candidates_total_FINAL_237.csv|phase6_ready_candidates_total_FINAL_237_integrity_check.csv,True,True
NODE_14954,True,RESTORED_SIGNAL_STRUCTURE_OK,False,phase6_ready_candidates_total_FINAL_237.csv|phase6_ready_candidates_total_FINAL_237_integrity_check.csv,True,True
NODE_14949,True,RESTORED_SIGNAL_STRUCTURE_OK,False,phase6_ready_candidates_total_FINAL_237.csv|phase6_ready_candidates_total_FINAL_237_integrity_check.csv,True,True
NODE_15199,True,RESTORED_SIGNAL_STRUCTURE_OK,False,phase6_ready_candidates_total_FINAL_237.csv|phase6_ready_candidates_total_FINAL_237_integrity_check.csv,True,True
NODE_15198,True,RESTORED_SIGNAL_STRUCTURE_OK,False,phase6_ready_candidates_total_FINAL_237.csv|phase6_ready_candidates_total_FINAL_237_integrity_check.csv,True,True
NODE_15194,True,RESTORED_SIGNAL_STRUCTURE_OK,False,phase6_ready_candidates_total_FINAL_237.csv|phase6_ready_candidates_total_FINAL_237_integrity_check.csv,True,True
NODE_15186,True,RESTORED_SIGNAL_STRUCTURE_OK,False,phase6_ready_candidates_total_FINAL_237.csv|phase6_ready_candidates_total_FINAL_237_integrity_check.csv,True,True
NODE_14609,True,RESTORED_SIGNAL_STRUCTURE_OK,False,phase6_ready_candidates_total_FINAL_237.csv|phase6_ready_candidates_total_FINAL_237_integrity_check.csv,True,True
NODE_14942,True,RESTORED_SIGNAL_STRUCTURE_OK,False,phase6_ready_candidates_total_FINAL_237.csv|phase6_ready_candidates_total_FINAL_237_integrity_check.csv,True,True
NODE_14611,True,RESTORED_SIGNAL_STRUCTURE_OK,False,phase6_ready_candidates_total_FINAL_237.csv|phase6_ready_candidates_total_FINAL_237_integrity_check.csv,True,True
NODE_14615,True,RESTORED_SIGNAL_STRUCTURE_OK,False,phase6_ready_candidates_total_FINAL_237.csv|phase6_ready_candidates_total_FINAL_237_integrity_check.csv,True,True
NODE_14614,True,RESTORED_SIGNAL_STRUCTURE_OK,False,phase6_ready_candidates_total_FINAL_237.csv|phase6_ready_candidates_total_FINAL_237_integrity_check.csv,True,True
NODE_14613,True,RESTORED_SIGNAL_STRUCTURE_OK,False,phase6_ready_candidates_total_FINAL_237.csv|phase6_ready_candidates_total_FINAL_237_integrity_check.csv,True,True
NODE_176196,True,RESTORED_SIGNAL_STRUCTURE_OK,False,phase6_ready_candidates_total_FINAL_237.csv|phase6_ready_candidates_total_FINAL_237_integrity_check.csv,True,True
LINK_232413,True,RESTORED_SIGNAL_STRUCTURE_OK,False,phase6_ready_candidates_total_FINAL_237.csv|phase6_ready_candidates_total_FINAL_237_integrity_check.csv,True,True
LINK_214675,True,RESTORED_SIGNAL_STRUCTURE_OK,False,phase6_ready_candidates_total_FINAL_237.csv|phase6_ready_candidates_total_FINAL_237_integrity_check.csv,True,True
LINK_90825,True,RESTORED_SIGNAL_STRUCTURE_OK,False,phase6_ready_candidates_total_FINAL_237.csv|phase6_ready_candidates_total_FINAL_237_integrity_check.csv,True,True
LINK_118708,True,RESTORED_SIGNAL_STRUCTURE_OK,False,phase6_ready_candidates_total_FINAL_237.csv|phase6_ready_candidates_total_FINAL_237_integrity_check.csv,True,True
LINK_211162,True,RESTORED_SIGNAL_STRUCTURE_OK,False,phase6_ready_candidates_total_FINAL_237.csv|phase6_ready_candidates_total_FINAL_237_integrity_check.csv,True,True
LINK_52434,True,RESTORED_SIGNAL_STRUCTURE_OK,False,phase6_ready_candidates_total_FINAL_237.csv|phase6_ready_candidates_total_FINAL_237_integrity_check.csv,True,True
LINK_110210,True,RESTORED_SIGNAL_STRUCTURE_OK,False,phase6_ready_candidates_total_FINAL_237.csv|phase6_ready_candidates_total_FINAL_237_integrity_check.csv,True,True
LINK_203484,True,RESTORED_SIGNAL_STRUCTURE_OK,False,phase6_ready_candidates_total_FINAL_237.csv|phase6_ready_candidates_total_FINAL_237_integrity_check.csv,True,True
LINK_64807,False,NOT_IN_RESTORED_237,False,,False,False
LINK_174730,True,RESTORED_SIGNAL_STRUCTURE_OK,False,phase6_ready_candidates_total_FINAL_237.csv|phase6_ready_candidates_total_FINAL_237_integrity_check.csv,True,True
LINK_255158,True,RESTORED_SIGNAL_STRUCTURE_OK,False,phase6_ready_candidates_total_FINAL_237.csv|phase6_ready_candidates_total_FINAL_237_integrity_check.csv,True,True
LINK_89324,True,RESTORED_SIGNAL_STRUCTURE_OK,False,phase6_ready_candidates_total_FINAL_237.csv|phase6_ready_candidates_total_FINAL_237_integrity_check.csv,True,True
NODE_7268,False,NOT_IN_RESTORED_237,False,,False,False
NODE_7240,True,RESTORED_SIGNAL_STRUCTURE_OK,False,phase6_ready_candidates_total_FINAL_237.csv|phase6_ready_candidates_total_FINAL_237_integrity_check.csv,True,True
NODE_7267,False,NOT_IN_RESTORED_237,False,,False,False
NODE_9815,False,NOT_IN_RESTORED_237,False,,False,False
NODE_122040,True,RESTORED_SIGNAL_STRUCTURE_OK,False,phase6_ready_candidates_total_FINAL_237.csv|phase6_ready_candidates_total_FINAL_237_integrity_check.csv,True,True
NODE_7246,False,NOT_IN_RESTORED_237,False,,False,False
NODE_122031,True,RESTORED_SIGNAL_STRUCTURE_OK,False,phase6_ready_candidates_total_FINAL_237.csv|phase6_ready_candidates_total_FINAL_237_integrity_check.csv,True,True
NODE_20516,True,RESTORED_SIGNAL_STRUCTURE_OK,False,phase6_ready_candidates_total_FINAL_237.csv|phase6_ready_candidates_total_FINAL_237_integrity_check.csv,True,True
NODE_20517,False,NOT_IN_RESTORED_237,False,,False,False
NODE_9814,True,RESTORED_SIGNAL_STRUCTURE_OK,False,phase6_ready_candidates_total_FINAL_237.csv|phase6_ready_candidates_total_FINAL_237_integrity_check.csv,True,True
NODE_8066,False,NOT_IN_RESTORED_237,False,,False,False
NODE_8065,False,NOT_IN_RESTORED_237,False,,False,False
NODE_7649,False,NOT_IN_RESTORED_237,False,,False,False
NODE_7650,False,NOT_IN_RESTORED_237,False,,False,False
NODE_7652,False,NOT_IN_RESTORED_237,False,,False,False
LINK_19202,True,RESTORED_SIGNAL_STRUCTURE_OK,False,phase6_ready_candidates_total_FINAL_237.csv|phase6_ready_candidates_total_FINAL_237_integrity_check.csv,True,True
NODE_6022,False,NOT_IN_RESTORED_237,False,,False,False
NODE_9665,False,NOT_IN_RESTORED_237,False,,False,False
NODE_5928,False,NOT_IN_RESTORED_237,False,,False,False
NODE_9666,True,RESTORED_SIGNAL_STRUCTURE_OK,False,phase6_ready_candidates_total_FINAL_237.csv|phase6_ready_candidates_total_FINAL_237_integrity_check.csv,True,True
LINK_25908,False,NOT_IN_RESTORED_237,False,,False,False
LINK_159100,True,RESTORED_SIGNAL_STRUCTURE_OK,False,phase6_ready_candidates_total_FINAL_237.csv|phase6_ready_candidates_total_FINAL_237_integrity_check.csv,True,True
LINK_13780,True,RESTORED_SIGNAL_STRUCTURE_OK,False,phase6_ready_candidates_total_FINAL_237.csv|phase6_ready_candidates_total_FINAL_237_integrity_check.csv,True,True
LINK_28733,False,NOT_IN_RESTORED_237,False,,False,False
LINK_72708,True,RESTORED_SIGNAL_STRUCTURE_OK,False,phase6_ready_candidates_total_FINAL_237.csv|phase6_ready_candidates_total_FINAL_237_integrity_check.csv,True,True
NODE_74237,False,NOT_IN_RESTORED_237,False,,False,False
NODE_6951,False,NOT_IN_RESTORED_237,False,,False,False
NODE_7651,False,NOT_IN_RESTORED_237,False,,False,False
NODE_6964,True,RESTORED_SIGNAL_STRUCTURE_OK,False,phase6_ready_candidates_total_FINAL_237.csv|phase6_ready_candidates_total_FINAL_237_integrity_check.csv,True,True
NODE_74238,False,NOT_IN_RESTORED_237,False,,False,False
NODE_7372,True,RESTORED_SIGNAL_STRUCTURE_OK,False,phase6_ready_candidates_total_FINAL_237.csv|phase6_ready_candidates_total_FINAL_237_integrity_check.csv,True,True
NODE_7696,False,NOT_IN_RESTORED_237,False,,False,False
NODE_7695,False,NOT_IN_RESTORED_237,False,,False,False
NODE_7668,True,RESTORED_SIGNAL_STRUCTURE_OK,False,phase6_ready_candidates_total_FINAL_237.csv|phase6_ready_candidates_total_FINAL_237_integrity_check.csv,True,True
NODE_7692,True,RESTORED_SIGNAL_STRUCTURE_OK,False,phase6_ready_candidates_total_FINAL_237.csv|phase6_ready_candidates_total_FINAL_237_integrity_check.csv,True,True
NODE_8105,False,NOT_IN_RESTORED_237,False,,False,False
NODE_7364,True,RESTORED_SIGNAL_STRUCTURE_OK,False,phase6_ready_candidates_total_FINAL_237.csv|phase6_ready_candidates_total_FINAL_237_integrity_check.csv,True,True
NODE_6952,True,RESTORED_SIGNAL_STRUCTURE_OK,False,phase6_ready_candidates_total_FINAL_237.csv|phase6_ready_candidates_total_FINAL_237_integrity_check.csv,True,True
NODE_6957,True,RESTORED_SIGNAL_STRUCTURE_OK,False,phase6_ready_candidates_total_FINAL_237.csv|phase6_ready_candidates_total_FINAL_237_integrity_check.csv,True,True
LINK_202373,False,NOT_IN_RESTORED_237,False,,False,False
LINK_200788,False,NOT_IN_RESTORED_237,False,,False,False
LINK_220091,False,NOT_IN_RESTORED_237,False,,False,False
NODE_5930,False,NOT_IN_RESTORED_237,False,,False,False
NODE_5926,False,NOT_IN_RESTORED_237,False,,False,False
NODE_5966,False,NOT_IN_RESTORED_237,False,,False,False
NODE_5925,False,NOT_IN_RESTORED_237,False,,False,False
LINK_242039,False,NOT_IN_RESTORED_237,False,,False,False
NODE_23046,True,RESTORED_SIGNAL_STRUCTURE_OK,False,phase6_ready_candidates_total_FINAL_237.csv|phase6_ready_candidates_total_FINAL_237_integrity_check.csv,True,True
NODE_119056,False,NOT_IN_RESTORED_237,False,,False,False
NODE_179104,False,NOT_IN_RESTORED_237,False,,False,False
LINK_190777,False,NOT_IN_RESTORED_237,False,,False,False
LINK_164865,False,NOT_IN_RESTORED_237,False,,False,False
NODE_9440,False,NOT_IN_RESTORED_237,False,,False,False
NODE_164571,True,RESTORED_SIGNAL_STRUCTURE_OK,False,phase6_ready_candidates_total_FINAL_237.csv|phase6_ready_candidates_total_FINAL_237_integrity_check.csv,True,True
NODE_9439,False,NOT_IN_RESTORED_237,False,,False,False
LINK_117990,False,NOT_IN_RESTORED_237,False,,False,False
LINK_258548,False,NOT_IN_RESTORED_237,False,,False,False
LINK_219774,True,RESTORED_SIGNAL_STRUCTURE_OK,False,phase6_ready_candidates_total_FINAL_237.csv|phase6_ready_candidates_total_FINAL_237_integrity_check.csv,True,True
LINK_236544,False,NOT_IN_RESTORED_237,False,,False,False
LINK_93982,False,NOT_IN_RESTORED_237,False,,False,False
LINK_131058,False,NOT_IN_RESTORED_237,False,,False,False
LINK_181677,False,NOT_IN_RESTORED_237,False,,False,False
LINK_68503,False,NOT_IN_RESTORED_237,False,,False,False
NODE_6926,False,NOT_IN_RESTORED_237,False,,False,False
NODE_10352,False,NOT_IN_RESTORED_237,False,,False,False
NODE_122039,False,NOT_IN_RESTORED_237,False,,False,False
NODE_9852,True,RESTORED_SIGNAL_STRUCTURE_OK,False,phase6_ready_candidates_total_FINAL_237.csv|phase6_ready_candidates_total_FINAL_237_integrity_check.csv,True,True
NODE_6693,False,NOT_IN_RESTORED_237,False,,False,False
NODE_6692,False,NOT_IN_RESTORED_237,False,,False,False
NODE_9722,False,NOT_IN_RESTORED_237,False,,False,False
NODE_9851,True,RESTORED_SIGNAL_STRUCTURE_OK,False,phase6_ready_candidates_total_FINAL_237.csv|phase6_ready_candidates_total_FINAL_237_integrity_check.csv,True,True
LINK_95381,False,NOT_IN_RESTORED_237,False,,False,False
LINK_222495,False,NOT_IN_RESTORED_237,False,,False,False
LINK_112802,False,NOT_IN_RESTORED_237,False,,False,False
LINK_165081,False,NOT_IN_RESTORED_237,False,,False,False
LINK_177144,True,RESTORED_SIGNAL_STRUCTURE_OK,False,phase6_ready_candidates_total_FINAL_237.csv|phase6_ready_candidates_total_FINAL_237_integrity_check.csv,True,True
LINK_229603,True,RESTORED_SIGNAL_STRUCTURE_OK,False,phase6_ready_candidates_total_FINAL_237.csv|phase6_ready_candidates_total_FINAL_237_integrity_check.csv,True,True
LINK_184061,False,NOT_IN_RESTORED_237,False,,False,False
LINK_79766,True,RESTORED_SIGNAL_STRUCTURE_OK,False,phase6_ready_candidates_total_FINAL_237.csv|phase6_ready_candidates_total_FINAL_237_integrity_check.csv,True,True
NODE_5814,False,NOT_IN_RESTORED_237,False,,False,False
LINK_165046,False,NOT_IN_RESTORED_237,False,,False,False
NODE_5655,False,NOT_IN_RESTORED_237,False,,False,False
NODE_5654,False,NOT_IN_RESTORED_237,False,,False,False
NODE_5662,False,NOT_IN_RESTORED_237,False,,False,False
NODE_5657,True,RESTORED_SIGNAL_STRUCTURE_OK,False,phase6_ready_candidates_total_FINAL_237.csv|phase6_ready_candidates_total_FINAL_237_integrity_check.csv,True,True
NODE_5637,False,NOT_IN_RESTORED_237,False,,False,False
NODE_5704,False,NOT_IN_RESTORED_237,False,,False,False
NODE_5693,False,NOT_IN_RESTORED_237,False,,False,False
LINK_63383,False,NOT_IN_RESTORED_237,False,,False,False
LINK_281203,False,NOT_IN_RESTORED_237,False,,False,False
LINK_164302,False,NOT_IN_RESTORED_237,False,,False,False
LINK_112565,False,NOT_IN_RESTORED_237,False,,False,False
LINK_191788,False,NOT_IN_RESTORED_237,False,,False,False
LINK_198792,False,NOT_IN_RESTORED_237,False,,False,False
LINK_256461,True,RESTORED_SIGNAL_STRUCTURE_OK,False,phase6_ready_candidates_total_FINAL_237.csv|phase6_ready_candidates_total_FINAL_237_integrity_check.csv,True,True
LINK_12182,False,NOT_IN_RESTORED_237,False,,False,False
LINK_197211,False,NOT_IN_RESTORED_237,False,,False,False
LINK_200000,False,NOT_IN_RESTORED_237,False,,False,False
LINK_133399,False,NOT_IN_RESTORED_237,False,,False,False
LINK_159011,False,NOT_IN_RESTORED_237,False,,False,False
NODE_5967,False,NOT_IN_RESTORED_237,False,,False,False
NODE_5969,False,NOT_IN_RESTORED_237,False,,False,False
NODE_5927,False,NOT_IN_RESTORED_237,False,,False,False
NODE_5965,False,NOT_IN_RESTORED_237,False,,False,False
NODE_5968,False,NOT_IN_RESTORED_237,False,,False,False
NODE_5964,False,NOT_IN_RESTORED_237,False,,False,False
NODE_9636,True,RESTORED_SIGNAL_STRUCTURE_OK,False,phase6_ready_candidates_total_FINAL_237.csv|phase6_ready_candidates_total_FINAL_237_integrity_check.csv,True,True
NODE_5660,False,NOT_IN_RESTORED_237,False,,False,False
NODE_5661,False,NOT_IN_RESTORED_237,False,,False,False
NODE_5694,False,NOT_IN_RESTORED_237,False,,False,False
NODE_5658,True,RESTORED_SIGNAL_STRUCTURE_OK,False,phase6_ready_candidates_total_FINAL_237.csv|phase6_ready_candidates_total_FINAL_237_integrity_check.csv,True,True
NODE_9637,False,NOT_IN_RESTORED_237,False,,False,False
NODE_119573,False,NOT_IN_RESTORED_237,False,,False,False
NODE_119055,False,NOT_IN_RESTORED_237,False,,False,False
NODE_5762,False,NOT_IN_RESTORED_237,False,,False,False
NODE_5705,False,NOT_IN_RESTORED_237,False,,False,False
NODE_5765,False,NOT_IN_RESTORED_237,False,,False,False
LINK_173857,False,NOT_IN_RESTORED_237,False,,False,False
NODE_10353,True,RESTORED_SIGNAL_STRUCTURE_OK,False,phase6_ready_candidates_total_FINAL_237.csv|phase6_ready_candidates_total_FINAL_237_integrity_check.csv,True,True
NODE_10358,True,RESTORED_SIGNAL_STRUCTURE_OK,False,phase6_ready_candidates_total_FINAL_237.csv|phase6_ready_candidates_total_FINAL_237_integrity_check.csv,True,True
NODE_9639,False,NOT_IN_RESTORED_237,False,,False,False
NODE_15219,True,RESTORED_SIGNAL_STRUCTURE_OK,False,phase6_ready_candidates_total_FINAL_237.csv|phase6_ready_candidates_total_FINAL_237_integrity_check.csv,True,True
NODE_8028,False,NOT_IN_RESTORED_237,False,,False,False
NODE_8029,False,NOT_IN_RESTORED_237,False,,False,False
NODE_8030,False,NOT_IN_RESTORED_237,False,,False,False
NODE_8031,False,NOT_IN_RESTORED_237,False,,False,False
NODE_14423,True,RESTORED_SIGNAL_STRUCTURE_OK,False,phase6_ready_candidates_total_FINAL_237.csv|phase6_ready_candidates_total_FINAL_237_integrity_check.csv,True,True
NODE_23040,True,RESTORED_PHASE6_READY,True,phase6_ready_candidates_total_FINAL_237.csv|phase6_ready_candidates_total_FINAL_237_integrity_check.csv,True,True
NODE_57739,False,NOT_IN_RESTORED_237,False,,False,False
NODE_5844,False,NOT_IN_RESTORED_237,False,,False,False
NODE_5845,False,NOT_IN_RESTORED_237,False,,False,False
NODE_5909,True,RESTORED_PHASE6_READY,True,phase6_ready_candidates_total_FINAL_237.csv|phase6_ready_candidates_total_FINAL_237_integrity_check.csv,True,True
NODE_5862,False,NOT_IN_RESTORED_237,False,,False,False
NODE_5634,False,NOT_IN_RESTORED_237,False,,False,False
NODE_5701,False,NOT_IN_RESTORED_237,False,,False,False
NODE_5702,False,NOT_IN_RESTORED_237,False,,False,False
NODE_119590,False,NOT_IN_RESTORED_237,False,,False,False
NODE_6167,False,NOT_IN_RESTORED_237,False,,False,False
NODE_6886,False,NOT_IN_RESTORED_237,False,,False,False
NODE_6888,True,RESTORED_SIGNAL_STRUCTURE_OK,False,phase6_ready_candidates_total_FINAL_237.csv|phase6_ready_candidates_total_FINAL_237_integrity_check.csv,True,True
NODE_123602,False,NOT_IN_RESTORED_237,False,,False,False
NODE_6428,False,NOT_IN_RESTORED_237,False,,False,False
NODE_6429,False,NOT_IN_RESTORED_237,False,,False,False
NODE_6459,False,NOT_IN_RESTORED_237,False,,False,False
NODE_7640,False,NOT_IN_RESTORED_237,False,,False,False
NODE_77086,False,NOT_IN_RESTORED_237,False,,False,False
NODE_9874,False,NOT_IN_RESTORED_237,False,,False,False
NODE_177916,True,RESTORED_PHASE6_READY,True,phase6_ready_candidates_total_FINAL_237.csv|phase6_ready_candidates_total_FINAL_237_integrity_check.csv,True,True
NODE_10090,False,NOT_IN_RESTORED_237,False,,False,False
NODE_9362,False,NOT_IN_RESTORED_237,False,,False,False
NODE_9363,False,NOT_IN_RESTORED_237,False,,False,False
NODE_9715,False,NOT_IN_RESTORED_237,False,,False,False
NODE_74430,False,NOT_IN_RESTORED_237,False,,False,False
NODE_10343,False,NOT_IN_RESTORED_237,False,,False,False
NODE_10344,False,NOT_IN_RESTORED_237,False,,False,False
LINK_120283,False,NOT_IN_RESTORED_237,False,,False,False
LINK_242837,False,NOT_IN_RESTORED_237,False,,False,False
LINK_133510,False,NOT_IN_RESTORED_237,False,,False,False
