file_path,size_mb,file_type,suggested_action,reason,safe_to_delete,keep_reason_if_any
.DS_Store,0.027348,mac_metadata,DELETE,macOS metadata,True,
2026-05-14_14-29-35/.DS_Store,0.005863,mac_metadata,DELETE,macOS metadata,True,
cw_NODE_10376_smart_s1_mapping_test/.DS_Store,0.009769,mac_metadata,DELETE,macOS metadata,True,
cw_NODE_10376_smart_s1_mapping_test/outputs/calibration_report.csv,0.0,csv,DELETE,empty calibration artifact,True,
cw_NODE_10376_smart_s1_mapping_test/outputs/calibration_summary.md,0.0,md,DELETE,empty calibration artifact,True,
cw_NODE_10376_smart_s1_mapping_test/outputs/edge_data_baseline_seed1.xml,204.062034,xml,DELETE,generated edge xml,True,
cw_NODE_10376_smart_s1_mapping_test/outputs/edge_data_smart_selected_seed1.xml,204.062034,xml,DELETE,generated edge xml,True,
cw_NODE_10376_smart_s1_mapping_test/outputs/lane_data_baseline_seed1.xml,271.573392,xml,DELETE,generated lane xml,True,
cw_NODE_10376_smart_s1_mapping_test/outputs/lane_data_smart_selected_seed1.xml,271.573392,xml,DELETE,generated lane xml,True,
cw_NODE_10376_smart_s1_mapping_test/outputs/runtime_trace_seed1.log,0.052069,log,DELETE,runtime trace log,True,
cw_NODE_10376_smart_s1_mapping_test/outputs/sumo_stderr_baseline_seed1.log,0.003115,log,DELETE,SUMO stderr log,True,
cw_NODE_10376_smart_s1_mapping_test/outputs/sumo_stderr_smart_selected_seed1.log,0.003115,log,DELETE,SUMO stderr log,True,
cw_NODE_10376_smart_s1_mapping_test/outputs/sumo_stdout_baseline_seed1.log,0.0,log,DELETE,SUMO stdout log,True,
cw_NODE_10376_smart_s1_mapping_test/outputs/sumo_stdout_smart_selected_seed1.log,0.0,log,DELETE,SUMO stdout log,True,
cw_NODE_10376_smart_s1_mapping_test/sumo_nets/integrated_selected/baseline_seed1.sumocfg,0.000785,sumocfg,REVIEW,reproducible sumocfg,False,
cw_NODE_10376_smart_s1_mapping_test/sumo_nets/integrated_selected/network.net.xml,102.810521,xml,REVIEW,network file is usually kept unless a duplicate is proven,False,baseline network copy
cw_NODE_10376_smart_s1_mapping_test/sumo_nets/integrated_selected/routes_seed1.trips.xml,0.001316,xml,REVIEW,reproducible route xml,False,
cw_NODE_10376_smart_s1_mapping_test/sumo_nets/integrated_selected/smart_selected_seed1.sumocfg,0.000785,sumocfg,REVIEW,reproducible sumocfg,False,
cw_NODE_10376_smart_s1_mapping_test_v2/sumo_nets/integrated_selected/network.net.xml,103.205096,xml,REVIEW,network file is usually kept unless a duplicate is proven,False,baseline network copy
cw_NODE_10376_smart_s1_mapping_test_v2/sumo_nets/integrated_selected/routes_seed1.trips.xml,0.001319,xml,REVIEW,reproducible route xml,False,
cw_NODE_10376_smart_s1_verify/outputs/runtime_trace_seed1.log,0.003923,log,DELETE,runtime trace log,True,
cw_NODE_10376_smart_s1_verify/outputs/sumo_stderr_baseline_seed1.log,0.0,log,DELETE,SUMO stderr log,True,
cw_NODE_10376_smart_s1_verify/outputs/sumo_stdout_baseline_seed1.log,0.0,log,DELETE,SUMO stdout log,True,
cw_NODE_10376_smart_s1_verify/sumo_nets/integrated_selected/baseline_seed1.sumocfg,0.000768,sumocfg,REVIEW,reproducible sumocfg,False,
cw_NODE_10376_smart_s1_verify/sumo_nets/integrated_selected/network.net.xml,102.482349,xml,REVIEW,network file is usually kept unless a duplicate is proven,False,baseline network copy
cw_NODE_10376_smart_s1_verify/sumo_nets/integrated_selected/routes_seed1.trips.xml,0.001296,xml,REVIEW,reproducible route xml,False,
cw_NODE_10376_smart_s1_verify/sumo_nets/integrated_selected/smart_selected_seed1.sumocfg,0.000768,sumocfg,REVIEW,reproducible sumocfg,False,
matching_visual_audit_v2_20260513_105245/.DS_Store,0.007816,mac_metadata,DELETE,macOS metadata,True,
node_10376_smart_30seed_t600/sumo_nets/integrated_selected/network.net.xml,103.205096,xml,DELETE,duplicate network.net.xml; first copy at cw_NODE_10376_smart_s1_mapping_test_v2/sumo_nets/integrated_selected/network.net.xml,True,
phase6_mini_experiment_batch03_5sec_sorted_baseline_20260514_220549/phase6_smoke_baseline.sumocfg,0.00067,sumocfg,REVIEW,reproducible sumocfg,False,
phase6_mini_experiment_batch03_5sec_sorted_smart_20260514_220549/phase6_smoke_smart.sumocfg,0.000668,sumocfg,REVIEW,reproducible sumocfg,False,
phase6_mini_experiment_batch03_baseline_20260514_220549/phase6_smoke_baseline.sumocfg,0.000659,sumocfg,REVIEW,reproducible sumocfg,False,
phase6_mini_experiment_batch03_smart_20260514_220549/phase6_smoke_smart.sumocfg,0.000656,sumocfg,REVIEW,reproducible sumocfg,False,
phase6_smoke_119055_20260514_013857/smoke_119055.sumocfg,0.000724,sumocfg,REVIEW,reproducible sumocfg,False,
phase6_transition_after_recovery_20260514_220549/.DS_Store,0.005863,mac_metadata,DELETE,macOS metadata,True,
phase6_transition_after_recovery_20260514_220549/phase6_vehicle_experiment_300_30seed/volume_300/seed_01/baseline/phase6_vehicle_flow_baseline.sumocfg,0.000706,sumocfg,REVIEW,reproducible sumocfg,False,
phase6_transition_after_recovery_20260514_220549/phase6_vehicle_experiment_300_30seed/volume_300/seed_01/smart/phase6_vehicle_flow_smart.sumocfg,0.000703,sumocfg,REVIEW,reproducible sumocfg,False,
phase6_transition_after_recovery_20260514_220549/phase6_vehicle_experiment_300_30seed/volume_300/seed_02/baseline/phase6_vehicle_flow_baseline.sumocfg,0.000706,sumocfg,REVIEW,reproducible sumocfg,False,
phase6_transition_after_recovery_20260514_220549/phase6_vehicle_experiment_300_30seed/volume_300/seed_02/smart/phase6_vehicle_flow_smart.sumocfg,0.000703,sumocfg,REVIEW,reproducible sumocfg,False,
phase6_transition_after_recovery_20260514_220549/phase6_vehicle_experiment_300_30seed/volume_300/seed_03/baseline/phase6_vehicle_flow_baseline.sumocfg,0.000706,sumocfg,REVIEW,reproducible sumocfg,False,
phase6_transition_after_recovery_20260514_220549/phase6_vehicle_experiment_300_30seed/volume_300/seed_03/smart/phase6_vehicle_flow_smart.sumocfg,0.000703,sumocfg,REVIEW,reproducible sumocfg,False,
phase6_transition_after_recovery_20260514_220549/phase6_vehicle_experiment_300_30seed/volume_300/seed_04/baseline/phase6_vehicle_flow_baseline.sumocfg,0.000706,sumocfg,REVIEW,reproducible sumocfg,False,
phase6_transition_after_recovery_20260514_220549/phase6_vehicle_experiment_300_30seed/volume_300/seed_04/smart/phase6_vehicle_flow_smart.sumocfg,0.000703,sumocfg,REVIEW,reproducible sumocfg,False,
phase6_transition_after_recovery_20260514_220549/phase6_vehicle_experiment_300_30seed/volume_300/seed_05/baseline/phase6_vehicle_flow_baseline.sumocfg,0.000706,sumocfg,REVIEW,reproducible sumocfg,False,
phase6_transition_after_recovery_20260514_220549/phase6_vehicle_experiment_300_30seed/volume_300/seed_05/smart/phase6_vehicle_flow_smart.sumocfg,0.000703,sumocfg,REVIEW,reproducible sumocfg,False,
phase6_transition_after_recovery_20260514_220549/phase6_vehicle_experiment_300_30seed/volume_300/seed_06/baseline/phase6_vehicle_flow_baseline.sumocfg,0.000706,sumocfg,REVIEW,reproducible sumocfg,False,
phase6_transition_after_recovery_20260514_220549/phase6_vehicle_experiment_300_30seed/volume_300/seed_06/smart/phase6_vehicle_flow_smart.sumocfg,0.000703,sumocfg,REVIEW,reproducible sumocfg,False,
phase6_transition_after_recovery_20260514_220549/phase6_vehicle_experiment_300_30seed/volume_300/seed_07/baseline/phase6_vehicle_flow_baseline.sumocfg,0.000706,sumocfg,REVIEW,reproducible sumocfg,False,
phase6_transition_after_recovery_20260514_220549/phase6_vehicle_experiment_300_30seed/volume_300/seed_07/smart/phase6_vehicle_flow_smart.sumocfg,0.000703,sumocfg,REVIEW,reproducible sumocfg,False,
phase6_transition_after_recovery_20260514_220549/phase6_vehicle_experiment_300_30seed/volume_300/seed_08/baseline/phase6_vehicle_flow_baseline.sumocfg,0.000706,sumocfg,REVIEW,reproducible sumocfg,False,
phase6_transition_after_recovery_20260514_220549/phase6_vehicle_experiment_300_30seed/volume_300/seed_08/smart/phase6_vehicle_flow_smart.sumocfg,0.000703,sumocfg,REVIEW,reproducible sumocfg,False,
phase6_transition_after_recovery_20260514_220549/phase6_vehicle_experiment_300_30seed/volume_300/seed_09/baseline/phase6_vehicle_flow_baseline.sumocfg,0.000706,sumocfg,REVIEW,reproducible sumocfg,False,
phase6_transition_after_recovery_20260514_220549/phase6_vehicle_experiment_300_30seed/volume_300/seed_09/smart/phase6_vehicle_flow_smart.sumocfg,0.000703,sumocfg,REVIEW,reproducible sumocfg,False,
phase6_transition_after_recovery_20260514_220549/phase6_vehicle_experiment_300_30seed/volume_300/seed_10/baseline/phase6_vehicle_flow_baseline.sumocfg,0.000706,sumocfg,REVIEW,reproducible sumocfg,False,
phase6_transition_after_recovery_20260514_220549/phase6_vehicle_experiment_300_30seed/volume_300/seed_10/smart/phase6_vehicle_flow_smart.sumocfg,0.000703,sumocfg,REVIEW,reproducible sumocfg,False,
phase6_transition_after_recovery_20260514_220549/phase6_vehicle_experiment_300_30seed/volume_300/seed_11/baseline/phase6_vehicle_flow_baseline.sumocfg,0.000706,sumocfg,REVIEW,reproducible sumocfg,False,
phase6_transition_after_recovery_20260514_220549/phase6_vehicle_experiment_300_30seed/volume_300/seed_11/smart/phase6_vehicle_flow_smart.sumocfg,0.000703,sumocfg,REVIEW,reproducible sumocfg,False,
phase6_transition_after_recovery_20260514_220549/phase6_vehicle_experiment_300_30seed/volume_300/seed_12/baseline/phase6_vehicle_flow_baseline.sumocfg,0.000706,sumocfg,REVIEW,reproducible sumocfg,False,
phase6_transition_after_recovery_20260514_220549/phase6_vehicle_experiment_300_30seed/volume_300/seed_12/smart/phase6_vehicle_flow_smart.sumocfg,0.000703,sumocfg,REVIEW,reproducible sumocfg,False,
phase6_transition_after_recovery_20260514_220549/phase6_vehicle_experiment_300_30seed/volume_300/seed_13/baseline/phase6_vehicle_flow_baseline.sumocfg,0.000706,sumocfg,REVIEW,reproducible sumocfg,False,
phase6_transition_after_recovery_20260514_220549/phase6_vehicle_experiment_300_30seed/volume_300/seed_13/smart/phase6_vehicle_flow_smart.sumocfg,0.000703,sumocfg,REVIEW,reproducible sumocfg,False,
phase6_transition_after_recovery_20260514_220549/phase6_vehicle_experiment_300_30seed/volume_300/seed_14/baseline/phase6_vehicle_flow_baseline.sumocfg,0.000706,sumocfg,REVIEW,reproducible sumocfg,False,
phase6_transition_after_recovery_20260514_220549/phase6_vehicle_experiment_300_30seed/volume_300/seed_14/smart/phase6_vehicle_flow_smart.sumocfg,0.000703,sumocfg,REVIEW,reproducible sumocfg,False,
phase6_transition_after_recovery_20260514_220549/phase6_vehicle_experiment_300_30seed/volume_300/seed_15/baseline/phase6_vehicle_flow_baseline.sumocfg,0.000706,sumocfg,REVIEW,reproducible sumocfg,False,
phase6_transition_after_recovery_20260514_220549/phase6_vehicle_experiment_300_30seed/volume_300/seed_15/smart/phase6_vehicle_flow_smart.sumocfg,0.000703,sumocfg,REVIEW,reproducible sumocfg,False,
phase6_transition_after_recovery_20260514_220549/phase6_vehicle_experiment_300_30seed/volume_300/seed_16/baseline/phase6_vehicle_flow_baseline.sumocfg,0.000706,sumocfg,REVIEW,reproducible sumocfg,False,
phase6_transition_after_recovery_20260514_220549/phase6_vehicle_experiment_300_30seed/volume_300/seed_16/smart/phase6_vehicle_flow_smart.sumocfg,0.000703,sumocfg,REVIEW,reproducible sumocfg,False,
phase6_transition_after_recovery_20260514_220549/phase6_vehicle_experiment_300_30seed/volume_300/seed_17/baseline/phase6_vehicle_flow_baseline.sumocfg,0.000706,sumocfg,REVIEW,reproducible sumocfg,False,
phase6_transition_after_recovery_20260514_220549/phase6_vehicle_experiment_300_30seed/volume_300/seed_17/smart/phase6_vehicle_flow_smart.sumocfg,0.000703,sumocfg,REVIEW,reproducible sumocfg,False,
phase6_transition_after_recovery_20260514_220549/phase6_vehicle_experiment_300_30seed/volume_300/seed_18/baseline/phase6_vehicle_flow_baseline.sumocfg,0.000706,sumocfg,REVIEW,reproducible sumocfg,False,
phase6_transition_after_recovery_20260514_220549/phase6_vehicle_experiment_300_30seed/volume_300/seed_18/smart/phase6_vehicle_flow_smart.sumocfg,0.000703,sumocfg,REVIEW,reproducible sumocfg,False,
phase6_transition_after_recovery_20260514_220549/phase6_vehicle_experiment_300_30seed/volume_300/seed_19/baseline/phase6_vehicle_flow_baseline.sumocfg,0.000706,sumocfg,REVIEW,reproducible sumocfg,False,
phase6_transition_after_recovery_20260514_220549/phase6_vehicle_experiment_300_30seed/volume_300/seed_19/smart/phase6_vehicle_flow_smart.sumocfg,0.000703,sumocfg,REVIEW,reproducible sumocfg,False,
phase6_transition_after_recovery_20260514_220549/phase6_vehicle_experiment_300_30seed/volume_300/seed_20/baseline/phase6_vehicle_flow_baseline.sumocfg,0.000706,sumocfg,REVIEW,reproducible sumocfg,False,
phase6_transition_after_recovery_20260514_220549/phase6_vehicle_experiment_300_30seed/volume_300/seed_20/smart/phase6_vehicle_flow_smart.sumocfg,0.000703,sumocfg,REVIEW,reproducible sumocfg,False,
phase6_transition_after_recovery_20260514_220549/phase6_vehicle_experiment_300_30seed/volume_300/seed_21/baseline/phase6_vehicle_flow_baseline.sumocfg,0.000706,sumocfg,REVIEW,reproducible sumocfg,False,
phase6_transition_after_recovery_20260514_220549/phase6_vehicle_experiment_300_30seed/volume_300/seed_21/smart/phase6_vehicle_flow_smart.sumocfg,0.000703,sumocfg,REVIEW,reproducible sumocfg,False,
phase6_transition_after_recovery_20260514_220549/phase6_vehicle_experiment_300_30seed/volume_300/seed_22/baseline/phase6_vehicle_flow_baseline.sumocfg,0.000706,sumocfg,REVIEW,reproducible sumocfg,False,
phase6_transition_after_recovery_20260514_220549/phase6_vehicle_experiment_300_30seed/volume_300/seed_22/smart/phase6_vehicle_flow_smart.sumocfg,0.000703,sumocfg,REVIEW,reproducible sumocfg,False,
phase6_transition_after_recovery_20260514_220549/phase6_vehicle_experiment_300_30seed/volume_300/seed_23/baseline/phase6_vehicle_flow_baseline.sumocfg,0.000706,sumocfg,REVIEW,reproducible sumocfg,False,
phase6_transition_after_recovery_20260514_220549/phase6_vehicle_experiment_300_30seed/volume_300/seed_23/smart/phase6_vehicle_flow_smart.sumocfg,0.000703,sumocfg,REVIEW,reproducible sumocfg,False,
phase6_transition_after_recovery_20260514_220549/phase6_vehicle_experiment_300_30seed/volume_300/seed_24/baseline/phase6_vehicle_flow_baseline.sumocfg,0.000706,sumocfg,REVIEW,reproducible sumocfg,False,
phase6_transition_after_recovery_20260514_220549/phase6_vehicle_experiment_300_30seed/volume_300/seed_24/smart/phase6_vehicle_flow_smart.sumocfg,0.000703,sumocfg,REVIEW,reproducible sumocfg,False,
phase6_transition_after_recovery_20260514_220549/phase6_vehicle_experiment_300_30seed/volume_300/seed_25/baseline/phase6_vehicle_flow_baseline.sumocfg,0.000706,sumocfg,REVIEW,reproducible sumocfg,False,
phase6_transition_after_recovery_20260514_220549/phase6_vehicle_experiment_300_30seed/volume_300/seed_25/smart/phase6_vehicle_flow_smart.sumocfg,0.000703,sumocfg,REVIEW,reproducible sumocfg,False,
phase6_transition_after_recovery_20260514_220549/phase6_vehicle_experiment_300_30seed/volume_300/seed_26/baseline/phase6_vehicle_flow_baseline.sumocfg,0.000706,sumocfg,REVIEW,reproducible sumocfg,False,
phase6_transition_after_recovery_20260514_220549/phase6_vehicle_experiment_300_30seed/volume_300/seed_26/smart/phase6_vehicle_flow_smart.sumocfg,0.000703,sumocfg,REVIEW,reproducible sumocfg,False,
phase6_transition_after_recovery_20260514_220549/phase6_vehicle_experiment_300_30seed/volume_300/seed_27/baseline/phase6_vehicle_flow_baseline.sumocfg,0.000706,sumocfg,REVIEW,reproducible sumocfg,False,
phase6_transition_after_recovery_20260514_220549/phase6_vehicle_experiment_300_30seed/volume_300/seed_27/smart/phase6_vehicle_flow_smart.sumocfg,0.000703,sumocfg,REVIEW,reproducible sumocfg,False,
phase6_transition_after_recovery_20260514_220549/phase6_vehicle_experiment_300_30seed/volume_300/seed_28/baseline/phase6_vehicle_flow_baseline.sumocfg,0.000706,sumocfg,REVIEW,reproducible sumocfg,False,
phase6_transition_after_recovery_20260514_220549/phase6_vehicle_experiment_300_30seed/volume_300/seed_28/smart/phase6_vehicle_flow_smart.sumocfg,0.000703,sumocfg,REVIEW,reproducible sumocfg,False,
phase6_transition_after_recovery_20260514_220549/phase6_vehicle_experiment_300_30seed/volume_300/seed_29/baseline/phase6_vehicle_flow_baseline.sumocfg,0.000706,sumocfg,REVIEW,reproducible sumocfg,False,
phase6_transition_after_recovery_20260514_220549/phase6_vehicle_experiment_300_30seed/volume_300/seed_29/smart/phase6_vehicle_flow_smart.sumocfg,0.000703,sumocfg,REVIEW,reproducible sumocfg,False,
phase6_transition_after_recovery_20260514_220549/phase6_vehicle_experiment_300_30seed/volume_300/seed_30/baseline/phase6_vehicle_flow_baseline.sumocfg,0.000706,sumocfg,REVIEW,reproducible sumocfg,False,
phase6_transition_after_recovery_20260514_220549/phase6_vehicle_experiment_300_30seed/volume_300/seed_30/smart/phase6_vehicle_flow_smart.sumocfg,0.000703,sumocfg,REVIEW,reproducible sumocfg,False,
phase6_transition_after_recovery_20260514_220549/vehicle_flow_hourly/NODE_7240_300/baseline/phase6_vehicle_flow_baseline.sumocfg,0.000685,sumocfg,REVIEW,reproducible sumocfg,False,
phase6_transition_after_recovery_20260514_220549/vehicle_flow_hourly/batch03_300_smoke_full/baseline/phase6_vehicle_flow_baseline.sumocfg,0.000693,sumocfg,REVIEW,reproducible sumocfg,False,
phase6_transition_after_recovery_20260514_220549/vehicle_flow_hourly/batch03_300_smoke_full/smart/phase6_vehicle_flow_smart.sumocfg,0.00069,sumocfg,REVIEW,reproducible sumocfg,False,
phase6_transition_after_recovery_20260514_220549/vehicle_flow_smoke/NODE_7240/baseline/phase6_vehicle_flow_baseline.sumocfg,0.00068,sumocfg,REVIEW,reproducible sumocfg,False,
phase6_transition_after_recovery_20260514_220549/vehicle_flow_smoke/NODE_7240/smart/phase6_vehicle_flow_smart.sumocfg,0.000677,sumocfg,REVIEW,reproducible sumocfg,False,
phase6_vehicle_experiment_300_30seed_human/.DS_Store,0.005863,mac_metadata,DELETE,macOS metadata,True,
