횡단보도ID,lon,lat,읍면동명,LANES,ROAD_RANK,MAX_SPD,사고건수,추정AADT,행정동,노인비율
10350,126.9925284699649,37.5682673073767,입정동,2.0,104,30.0,0,26875.559786532827,을지로동,0.15585960737656157
10352,126.99531298636944,37.568490582338555,산림동,2.0,104,30.0,0,26875.559786532827,을지로동,0.15585960737656157
10353,126.9961065116364,37.568559267043454,산림동,2.0,104,30.0,0,26875.559786532827,을지로동,0.15585960737656157
10357,127.00186106306721,37.56954338393286,방산동,2.0,104,30.0,1,26875.559786532827,을지로동,0.15585960737656157
10358,127.00025385561531,37.569126886119214,주교동,2.0,104,30.0,1,26875.559786532827,을지로동,0.15585960737656157
10359,127.00232539560004,37.569434670593154,방산동,2.0,104,30.0,2,26875.559786532827,을지로동,0.15585960737656157
8452,127.00904163505864,37.556655239380504,신당동,4.0,104,50.0,0,26875.559786532827,신당동,0.1998197792295562
8459,127.00763809560277,37.54969475962239,신당동,2.0,104,50.0,1,26875.559786532827,신당동,0.1998197792295562
8469,127.00968223143315,37.55317318377117,신당동,2.0,104,50.0,3,26875.559786532827,신당동,0.1998197792295562
9774,127.00223433688959,37.55296868615897,장충동2가,2.0,104,50.0,0,26875.559786532827,장충동,0.17818315828266076
10360,127.00225352101042,37.56956511811492,방산동,2.0,104,30.0,0,26875.559786532827,을지로동,0.15585960737656157
10363,127.0124286850836,37.56970408563532,신당동,2.0,104,30.0,0,26875.559786532827,신당동,0.1998197792295562
10366,127.01251206408209,37.56970178829955,신당동,2.0,104,30.0,0,26875.559786532827,신당동,0.1998197792295562
10368,127.01916000344528,37.57104284412443,황학동,1.0,104,30.0,2,26875.559786532827,황학동,0.1717813302883243
10369,126.96391161344133,37.5590586750625,중림동,1.0,104,30.0,1,26875.559786532827,중림동,0.1901991313611407
10376,126.96917746329122,37.55521377128667,봉래동2가,3.0,104,50.0,0,26875.559786532827,중림동,0.1901991313611407
10377,126.96921799083479,37.55521734894932,봉래동2가,3.0,104,50.0,0,26875.559786532827,중림동,0.1901991313611407
10378,126.96922352456825,37.555293035489186,봉래동2가,3.0,104,50.0,0,26875.559786532827,중림동,0.1901991313611407
10381,126.97645250152681,37.55415182026164,남대문로5가,2.0,104,50.0,0,26875.559786532827,중림동,0.1901991313611407
10382,126.976424483047,37.55349426337558,남대문로5가,2.0,104,50.0,0,26875.559786532827,중림동,0.1901991313611407
10383,126.97648672653058,37.55501002744776,남대문로5가,2.0,104,50.0,4,26875.559786532827,중림동,0.1901991313611407
8339,127.0079939678992,37.55799067413339,장충동2가,4.0,104,50.0,2,26875.559786532827,장충동,0.17818315828266076
8340,127.00822109643221,37.558237820098846,장충동1가,4.0,104,50.0,4,26875.559786532827,장충동,0.17818315828266076
8369,127.01163269719551,37.55385956814979,신당동,4.0,104,60.0,1,26875.559786532827,신당동,0.1998197792295562
9628,126.96296755148786,37.5520955451973,만리동2가,2.0,104,50.0,5,26875.559786532827,중림동,0.1901991313611407
9632,126.97156218080158,37.55981146010439,순화동,2.0,104,40.0,0,26875.559786532827,을지로동,0.15585960737656157
9633,126.97121879422104,37.55940398899696,순화동,4.0,104,40.0,3,26875.559786532827,을지로동,0.15585960737656157
9634,126.96707774392719,37.56587719063068,충정로1가,1.0,103,50.0,0,32310.64301369863,중림동,0.1901991313611407
9636,126.97004701881298,37.56738612229849,정동,1.0,104,30.0,0,26875.559786532827,을지로동,0.15585960737656157
9637,126.96986577203516,37.56765838201035,정동,1.0,104,30.0,0,26875.559786532827,을지로동,0.15585960737656157
9639,126.9715740505189,37.56640243216203,정동,1.0,104,30.0,0,26875.559786532827,을지로동,0.15585960737656157
9650,126.97593370014896,37.558448437562156,남창동,1.0,104,50.0,2,26875.559786532827,회현동,0.29465968586387437
15436,127.00974565147868,37.565596477136836,을지로7가,2.0,104,30.0,0,26875.559786532827,을지로동,0.15585960737656157
14914,126.96780689201877,37.5550583276416,만리동1가,2.0,104,50.0,0,26875.559786532827,중림동,0.1901991313611407
14921,126.96850883651592,37.55717884338945,만리동1가,1.0,104,50.0,2,26875.559786532827,중림동,0.1901991313611407
14937,126.96918741878173,37.5556052746049,봉래동2가,3.0,104,50.0,0,26875.559786532827,중림동,0.1901991313611407
14942,126.96721196854988,37.55807330680695,중림동,1.0,104,30.0,0,26875.559786532827,중림동,0.1901991313611407
14949,126.96810911214867,37.557519727545895,중림동,1.0,104,30.0,0,26875.559786532827,중림동,0.1901991313611407
14951,126.96845990540275,37.55732529645542,중림동,1.0,104,50.0,0,26875.559786532827,중림동,0.1901991313611407
14954,126.9679909560263,37.557468321542814,중림동,1.0,104,30.0,2,26875.559786532827,중림동,0.1901991313611407
15151,126.96838519575896,37.55724975487851,만리동1가,1.0,104,50.0,1,26875.559786532827,중림동,0.1901991313611407
15152,126.96518628728835,37.559045353295566,중림동,1.0,104,30.0,0,26875.559786532827,중림동,0.1901991313611407
15186,126.96716600944099,37.55799090685003,중림동,1.0,104,30.0,0,26875.559786532827,중림동,0.1901991313611407
15194,126.96801134261656,37.55759064562418,중림동,1.0,104,30.0,0,26875.559786532827,중림동,0.1901991313611407
15197,126.96515473227856,37.558901166436925,중림동,1.0,104,30.0,2,26875.559786532827,중림동,0.1901991313611407
15198,126.96803727441221,37.55745105212649,중림동,1.0,104,30.0,0,26875.559786532827,중림동,0.1901991313611407
15199,126.96794237860401,37.55752425945953,중림동,1.0,104,30.0,1,26875.559786532827,중림동,0.1901991313611407
15201,126.96885591999813,37.5589845879176,중림동,3.0,104,50.0,0,26875.559786532827,중림동,0.1901991313611407
15205,126.96917493680989,37.559176908368634,중림동,3.0,104,50.0,0,26875.559786532827,중림동,0.1901991313611407
15219,126.96620987698371,37.55864286893693,중림동,1.0,104,30.0,0,26875.559786532827,중림동,0.1901991313611407
15225,126.96912015216694,37.55726676175663,중림동,3.0,104,50.0,0,26875.559786532827,중림동,0.1901991313611407
9068,127.01974129797449,37.568438677207425,황학동,1.0,104,30.0,1,26875.559786532827,황학동,0.1717813302883243
9076,127.01795583249212,37.568326824345675,황학동,1.0,104,30.0,0,26875.559786532827,황학동,0.1717813302883243
9096,127.01905761894812,37.5707753771344,황학동,1.0,104,30.0,0,26875.559786532827,황학동,0.1717813302883243
9097,127.0189829034485,37.570931009076126,황학동,1.0,104,30.0,1,26875.559786532827,황학동,0.1717813302883243
9098,127.01931641520402,37.57088747294607,황학동,1.0,104,30.0,3,26875.559786532827,황학동,0.1717813302883243
9103,127.01977791491795,37.56556656656162,신당동,3.0,104,50.0,2,26875.559786532827,신당동,0.1998197792295562
9105,127.01979522542737,37.56579541666139,황학동,1.0,104,30.0,1,26875.559786532827,황학동,0.1717813302883243
9115,127.01959679042506,37.565566596765024,신당동,3.0,104,50.0,2,26875.559786532827,신당동,0.1998197792295562
10148,127.00574468075006,37.5601580453782,장충동1가,3.0,104,50.0,2,26875.559786532827,장충동,0.17818315828266076
10173,127.01191863431467,37.56094451479095,신당동,1.0,104,30.0,0,26875.559786532827,신당동,0.1998197792295562
10174,127.01350947749431,37.56027979914668,신당동,1.0,104,30.0,0,26875.559786532827,신당동,0.1998197792295562
10175,127.01364175324932,37.560474309164924,신당동,1.0,104,30.0,0,26875.559786532827,신당동,0.1998197792295562
8021,127.00674827852667,37.54771861287365,신당동,2.0,104,50.0,1,26875.559786532827,신당동,0.1998197792295562
8022,127.00665344309263,37.54790627828809,신당동,2.0,104,50.0,0,26875.559786532827,신당동,0.1998197792295562
8024,127.00666049957991,37.547693025774905,신당동,2.0,104,50.0,0,26875.559786532827,신당동,0.1998197792295562
8026,127.00653270104704,37.547667132913844,신당동,2.0,104,50.0,0,26875.559786532827,신당동,0.1998197792295562
8028,127.00729291289382,37.54723913196679,신당동,,,,0,,신당동,0.1998197792295562
8029,127.00729003303401,37.54718191871419,신당동,,,,0,,신당동,0.1998197792295562
8030,127.00699686721242,37.54730322892141,신당동,,,,0,,신당동,0.1998197792295562
8031,127.00708022813139,37.54737188006751,신당동,,,,0,,신당동,0.1998197792295562
9117,127.01956234797312,37.56578630135818,황학동,3.0,104,50.0,0,26875.559786532827,황학동,0.1717813302883243
8051,127.01003078896665,37.569554415109316,신당동,2.0,104,30.0,0,26875.559786532827,신당동,0.1998197792295562
8052,127.00999918041822,37.56968944097246,신당동,2.0,104,30.0,1,26875.559786532827,신당동,0.1998197792295562
8061,127.01154288268023,37.56804613645737,신당동,2.0,104,30.0,0,26875.559786532827,신당동,0.1998197792295562
8062,127.01142498172759,37.56789968206082,신당동,2.0,104,40.0,1,26875.559786532827,신당동,0.1998197792295562
8064,127.00997376266817,37.568793651058506,을지로6가,2.0,104,40.0,0,26875.559786532827,을지로동,0.15585960737656157
8065,127.0098555114737,37.5685870873947,을지로6가,2.0,104,30.0,0,26875.559786532827,을지로동,0.15585960737656157
8066,127.0098725439075,37.56870538430257,을지로6가,2.0,104,30.0,1,26875.559786532827,을지로동,0.15585960737656157
8068,127.00940094891345,37.568096674088906,을지로6가,4.0,104,50.0,0,26875.559786532827,을지로동,0.15585960737656157
8069,127.0090157073556,37.568266055287744,을지로6가,4.0,104,50.0,0,26875.559786532827,을지로동,0.15585960737656157
10212,127.02413145527584,37.5635976208184,신당동,,,,0,,신당동,0.1998197792295562
10250,127.01588134499846,37.56783623214405,흥인동,2.0,104,50.0,0,26875.559786532827,황학동,0.1717813302883243
14609,126.96507321770069,37.55493168127287,만리동2가,1.0,104,30.0,0,26875.559786532827,중림동,0.1901991313611407
14611,126.9648691609848,37.5548492335067,만리동2가,1.0,104,30.0,0,26875.559786532827,중림동,0.1901991313611407
14613,126.96504445690562,37.5549637122392,만리동2가,1.0,104,30.0,0,26875.559786532827,중림동,0.1901991313611407
14614,126.96480588040812,37.55493389042423,만리동2가,1.0,104,30.0,0,26875.559786532827,중림동,0.1901991313611407
14615,126.96481739380285,37.55490185437786,만리동2가,1.0,104,30.0,0,26875.559786532827,중림동,0.1901991313611407
14423,126.96613519108409,37.55851697824047,중림동,1.0,104,30.0,0,26875.559786532827,중림동,0.1901991313611407
15554,127.00999575907089,37.56547058707112,을지로7가,3.0,104,50.0,0,26875.559786532827,을지로동,0.15585960737656157
14616,126.96887311665672,37.55565363237035,만리동1가,3.0,104,50.0,0,26875.559786532827,중림동,0.1901991313611407
15405,126.97930916593143,37.566868583552754,을지로1가,2.0,104,30.0,0,26875.559786532827,을지로동,0.15585960737656157
15406,126.97928454020364,37.567019735819215,무교동,2.0,104,30.0,0,26875.559786532827,을지로동,0.15585960737656157
15407,126.9793046813667,37.56696252611416,무교동,2.0,104,30.0,0,26875.559786532827,을지로동,0.15585960737656157
15409,126.99350950477242,37.5612421987582,필동1가,3.0,104,50.0,2,26875.559786532827,필동,0.18382769695824674
15410,126.98745460598576,37.56688556783343,장교동,1.0,104,30.0,0,26875.559786532827,을지로동,0.15585960737656157
15411,126.98580977435756,37.56623281004353,을지로2가,1.0,104,30.0,0,26875.559786532827,을지로동,0.15585960737656157
15413,126.97891551868676,37.56604006615432,을지로1가,2.0,104,30.0,0,26875.559786532827,을지로동,0.15585960737656157
15414,126.97928596885549,37.5670517754826,무교동,2.0,104,30.0,0,26875.559786532827,을지로동,0.15585960737656157
20512,126.99244153445399,37.560969799931875,필동1가,3.0,104,50.0,0,26875.559786532827,필동,0.18382769695824674
20513,126.9924458231091,37.561203230452506,필동1가,2.0,104,50.0,2,26875.559786532827,필동,0.18382769695824674
20516,126.99066917077558,37.56129006761727,충무로3가,1.0,104,30.0,0,26875.559786532827,필동,0.18382769695824674
20517,126.9905398072887,37.56126030641002,충무로3가,1.0,104,30.0,0,26875.559786532827,필동,0.18382769695824674
20545,126.99291729453147,37.561200971145276,필동1가,2.0,104,50.0,0,26875.559786532827,필동,0.18382769695824674
31145,126.97922582543677,37.56904369379499,무교동,2.0,104,30.0,0,26875.559786532827,을지로동,0.15585960737656157
31146,126.97935760136774,37.5690461007936,무교동,2.0,104,50.0,0,26875.559786532827,을지로동,0.15585960737656157
21865,126.98872866067542,37.56129905243789,충무로2가,1.0,104,50.0,0,26875.559786532827,명동,0.2357627618766598
23068,126.98957458458553,37.566348180722535,을지로2가,3.0,104,50.0,0,26875.559786532827,을지로동,0.15585960737656157
24599,127.00475042024215,37.56669184534337,을지로6가,3.0,104,50.0,0,26875.559786532827,을지로동,0.15585960737656157
24600,127.01252615278283,37.567987678733566,신당동,1.0,104,30.0,1,26875.559786532827,신당동,0.1998197792295562
24601,127.01237664002689,37.56793734686115,신당동,2.0,104,30.0,0,26875.559786532827,신당동,0.1998197792295562
24602,127.01263248957765,37.567742794780855,신당동,2.0,104,30.0,0,26875.559786532827,신당동,0.1998197792295562
24603,127.01263848630381,37.567826488573466,신당동,2.0,104,30.0,1,26875.559786532827,신당동,0.1998197792295562
22045,126.99296010460148,37.564519915986146,초동,3.0,104,50.0,0,26875.559786532827,동화동,0.24080640259345557
21867,126.98930936777228,37.56135631974088,충무로2가,2.0,104,50.0,0,26875.559786532827,명동,0.2357627618766598
21869,126.98024816582196,37.55973979809862,회현동1가,3.0,104,50.0,1,26875.559786532827,회현동,0.29465968586387437
21874,126.97564813040222,37.55704553737928,남대문로5가,3.0,104,50.0,1,26875.559786532827,중림동,0.1901991313611407
20727,126.99834063084737,37.56209541565467,충무로5가,2.0,104,50.0,0,26875.559786532827,동화동,0.24080640259345557
20728,126.99881497690109,37.56245128799641,충무로5가,2.0,104,50.0,0,26875.559786532827,동화동,0.24080640259345557
20729,126.99867411318236,37.56216750861053,충무로5가,1.0,104,30.0,0,26875.559786532827,동화동,0.24080640259345557
20732,126.99827450366028,37.56233113344013,충무로5가,3.0,104,50.0,1,26875.559786532827,동화동,0.24080640259345557
20733,126.99831618142262,37.56233955531872,충무로5가,3.0,104,50.0,1,26875.559786532827,동화동,0.24080640259345557
20735,126.99874310524478,37.56244213312795,충무로5가,2.0,104,50.0,1,26875.559786532827,동화동,0.24080640259345557
20739,127.01022006513787,37.564556895201086,신당동,1.0,104,30.0,0,26875.559786532827,신당동,0.1998197792295562
22106,126.99271573101822,37.56454736352745,초동,3.0,104,50.0,1,26875.559786532827,동화동,0.24080640259345557
23039,126.97335792896591,37.554385788992654,봉래동2가,,,,0,,중림동,0.1901991313611407
23040,126.97333207568765,37.554426925117916,봉래동2가,,,,8,,중림동,0.1901991313611407
23041,126.97340973281919,37.554303361775474,남대문로5가,4.0,104,50.0,1,26875.559786532827,중림동,0.1901991313611407
23043,126.97105826574376,37.559459425488384,순화동,3.0,104,50.0,0,26875.559786532827,을지로동,0.15585960737656157
23046,126.97388063041478,37.55994012442326,봉래동1가,1.0,104,30.0,0,26875.559786532827,중림동,0.1901991313611407
23050,126.98960911886465,37.56610331107596,을지로2가,3.0,104,50.0,0,26875.559786532827,을지로동,0.15585960737656157
23051,126.98994119005673,37.566119379968576,을지로3가,3.0,104,50.0,0,26875.559786532827,을지로동,0.15585960737656157
23053,126.98986353275656,37.566355091898004,을지로3가,1.0,104,30.0,0,26875.559786532827,을지로동,0.15585960737656157
21803,127.01002581993289,37.564526565773065,광희동2가,3.0,104,50.0,0,26875.559786532827,광희동,0.18015591778880227
21805,127.01033344644652,37.56457459838878,신당동,1.0,104,30.0,0,26875.559786532827,신당동,0.1998197792295562
57739,126.97872948665886,37.55332153040159,남대문로5가,1.0,104,30.0,1,26875.559786532827,중림동,0.1901991313611407
57526,126.97872480246116,37.553707573973824,남대문로5가,1.0,104,30.0,0,26875.559786532827,중림동,0.1901991313611407
119023,126.96767505572235,37.56079907655942,중림동,3.0,104,50.0,1,26875.559786532827,중림동,0.1901991313611407
179107,126.97302407269653,37.559592074919095,봉래동1가,1.0,104,50.0,0,26875.559786532827,중림동,0.1901991313611407
179104,126.97293485904264,37.559857524248045,봉래동1가,1.0,104,30.0,0,26875.559786532827,중림동,0.1901991313611407
163164,127.02336226880406,37.567732004977465,황학동,,,,0,,황학동,0.1717813302883243
176196,126.96390983496026,37.559184570502104,중림동,1.0,104,30.0,0,26875.559786532827,중림동,0.1901991313611407
89,126.9980519155064,37.56880234931408,주교동,4.0,104,50.0,1,26875.559786532827,을지로동,0.15585960737656157
137,127.01381340491366,37.5680098966872,신당동,2.0,104,30.0,1,26875.559786532827,신당동,0.1998197792295562
151,127.01918455481353,37.57083487838864,황학동,1.0,104,30.0,2,26875.559786532827,황학동,0.1717813302883243
164571,127.02117863262053,37.565760225682155,황학동,3.0,104,50.0,1,26875.559786532827,황학동,0.1717813302883243
164569,127.02201826331775,37.565603358610524,황학동,,,,3,,황학동,0.1717813302883243
167173,126.96904720498506,37.56796525397408,충정로1가,3.0,103,50.0,1,32310.64301369863,중림동,0.1901991313611407
214528,126.99055996543545,37.56098797273839,남학동,1.0,104,50.0,0,26875.559786532827,을지로동,0.15585960737656157
165599,127.02441265491134,37.56193608941261,신당동,,,,0,,신당동,0.1998197792295562
165598,127.02441269224819,37.56205051597609,신당동,,,,1,,신당동,0.1998197792295562
165595,127.02437293257934,37.56354951206805,신당동,,,,0,,신당동,0.1998197792295562
214527,126.99035727672653,37.56102512457698,주자동,1.0,104,50.0,0,26875.559786532827,동화동,0.24080640259345557
214526,126.99008139799568,37.56024242378005,주자동,1.0,104,50.0,0,26875.559786532827,동화동,0.24080640259345557
5590,126.96406504268572,37.559244119686134,중림동,1.0,104,50.0,2,26875.559786532827,중림동,0.1901991313611407
5837,126.97420017950492,37.55863801970813,남대문로5가,5.0,104,50.0,1,26875.559786532827,중림동,0.1901991313611407
5844,126.97574353399908,37.55978947871644,남대문로4가,1.0,104,50.0,0,26875.559786532827,중림동,0.1901991313611407
5845,126.97593039551325,37.5597849398938,남창동,3.0,104,50.0,0,26875.559786532827,회현동,0.29465968586387437
5846,126.97393566808076,37.5587432341164,남대문로5가,4.0,104,50.0,1,26875.559786532827,중림동,0.1901991313611407
6237,126.98260212256089,37.56860610841805,남대문로1가,3.0,104,50.0,0,26875.559786532827,명동,0.2357627618766598
6238,126.9829442678153,37.56857411893869,남대문로1가,2.0,104,50.0,1,26875.559786532827,명동,0.2357627618766598
6239,126.98298738870352,37.56859929897823,남대문로1가,2.0,104,50.0,0,26875.559786532827,명동,0.2357627618766598
6240,126.98298735539095,37.5687457648202,남대문로1가,2.0,104,50.0,0,26875.559786532827,명동,0.2357627618766598
6246,126.98253022185737,37.568704504541415,다동,2.0,104,50.0,0,26875.559786532827,을지로동,0.15585960737656157
6275,126.98310591940239,37.56571576889857,을지로2가,1.0,104,50.0,1,26875.559786532827,을지로동,0.15585960737656157
6276,126.98293050328769,37.56589653753459,남대문로2가,3.0,104,50.0,0,26875.559786532827,명동,0.2357627618766598
6281,126.98244463394346,37.565869003927716,을지로1가,3.0,104,50.0,0,26875.559786532827,을지로동,0.15585960737656157
6282,126.98226627087588,37.566344991479866,을지로1가,1.0,104,50.0,1,26875.559786532827,을지로동,0.15585960737656157
6283,126.98245318326543,37.566191687911896,을지로1가,3.0,104,50.0,0,26875.559786532827,을지로동,0.15585960737656157
6284,126.98293330676296,37.56621006653258,남대문로1가,3.0,104,50.0,0,26875.559786532827,명동,0.2357627618766598
6285,126.98311727167909,37.566370290067674,을지로2가,2.0,104,50.0,1,26875.559786532827,을지로동,0.15585960737656157
6286,126.98229228963034,37.56573853496806,을지로1가,1.0,104,50.0,1,26875.559786532827,을지로동,0.15585960737656157
137963,127.01975276031052,37.56829449796533,황학동,1.0,104,30.0,5,26875.559786532827,황학동,0.1717813302883243
6310,126.9838372718882,37.56061015862655,회현동3가,3.0,104,50.0,0,26875.559786532827,회현동,0.29465968586387437
6312,126.9837998489263,37.56084358375614,충무로1가,3.0,104,50.0,1,26875.559786532827,명동,0.2357627618766598
6336,126.98220722622341,37.56074952467933,충무로1가,1.0,104,50.0,1,26875.559786532827,명동,0.2357627618766598
6337,126.98180091779183,37.560402124079836,충무로1가,3.0,104,50.0,0,26875.559786532827,명동,0.2357627618766598
6338,126.9816639735328,37.560399296165016,충무로1가,1.0,104,50.0,1,26875.559786532827,명동,0.2357627618766598
6342,126.9809478481145,37.561584642267846,남대문로3가,3.0,104,50.0,0,26875.559786532827,명동,0.2357627618766598
6343,126.9810482900917,37.56228494906255,남대문로2가,2.0,104,50.0,1,26875.559786532827,명동,0.2357627618766598
137174,127.01613476663422,37.569758561982184,흥인동,2.0,104,30.0,0,26875.559786532827,황학동,0.1717813302883243
5899,126.97916365056768,37.56803799644138,무교동,2.0,104,30.0,0,26875.559786532827,을지로동,0.15585960737656157
5905,126.97942504867707,37.568891663575315,무교동,2.0,104,30.0,0,26875.559786532827,을지로동,0.15585960737656157
5906,126.97937618426161,37.56884588447385,무교동,2.0,104,30.0,0,26875.559786532827,을지로동,0.15585960737656157
5907,126.97920367527452,37.56885271979816,무교동,2.0,104,30.0,1,26875.559786532827,을지로동,0.15585960737656157
5908,126.97916337325589,37.569033506462226,무교동,2.0,104,50.0,0,26875.559786532827,을지로동,0.15585960737656157
5909,126.97352890233341,37.554306353419406,남대문로5가,4.0,104,50.0,0,26875.559786532827,중림동,0.1901991313611407
5912,126.97933040497655,37.56804031428338,무교동,2.0,104,30.0,0,26875.559786532827,을지로동,0.15585960737656157
5914,126.97756767536032,37.56904465668895,태평로1가,2.0,104,50.0,0,26875.559786532827,소공동,0.09772727272727273
5916,126.97757914910919,37.56913391148685,태평로1가,2.0,104,50.0,1,26875.559786532827,소공동,0.09772727272727273
5925,126.97771725433829,37.56397559177997,태평로2가,2.0,104,30.0,0,26875.559786532827,소공동,0.09772727272727273
5926,126.9779673888164,37.563923002518784,소공동,2.0,104,30.0,0,26875.559786532827,소공동,0.09772727272727273
5927,126.97793561813438,37.56441960772303,태평로2가,2.0,104,30.0,0,26875.559786532827,소공동,0.09772727272727273
5928,126.97724574481282,37.56404415776724,태평로2가,4.0,104,30.0,0,26875.559786532827,소공동,0.09772727272727273
5930,126.9774439482363,37.56459802018807,태평로2가,2.0,104,30.0,0,26875.559786532827,소공동,0.09772727272727273
5932,126.97763363092925,37.56481317813046,태평로2가,4.0,104,50.0,0,26875.559786532827,소공동,0.09772727272727273
5933,126.97763642242828,37.565092379353736,태평로2가,1.0,104,50.0,0,26875.559786532827,소공동,0.09772727272727273
5934,126.97744087591015,37.5652525392647,정동,3.0,104,50.0,0,26875.559786532827,을지로동,0.15585960737656157
5935,126.97695787930013,37.565252445986324,정동,4.0,104,50.0,0,26875.559786532827,을지로동,0.15585960737656157
5938,126.97689701422458,37.56684067381058,태평로1가,4.0,104,50.0,0,26875.559786532827,소공동,0.09772727272727273
5862,126.97530092510408,37.55690742902926,남대문로5가,3.0,104,50.0,0,26875.559786532827,중림동,0.1901991313611407
5863,126.97547338215003,37.55697612098092,남대문로5가,3.0,104,50.0,0,26875.559786532827,중림동,0.1901991313611407
5634,126.96402780671836,37.55298153602534,만리동2가,2.0,104,50.0,1,26875.559786532827,중림동,0.1901991313611407
5637,126.96967604418012,37.56759196608356,정동,1.0,104,50.0,0,26875.559786532827,을지로동,0.15585960737656157
150723,126.96919705282112,37.55516251402758,봉래동2가,3.0,104,50.0,1,26875.559786532827,중림동,0.1901991313611407
5647,126.96727022454114,37.565890019971285,충정로1가,1.0,103,50.0,2,32310.64301369863,중림동,0.1901991313611407
5654,126.97055040950502,37.56671796920112,정동,1.0,104,50.0,0,26875.559786532827,을지로동,0.15585960737656157
5655,126.96988317265607,37.567285356180044,정동,1.0,104,50.0,0,26875.559786532827,을지로동,0.15585960737656157
5657,126.97098175190534,37.566493800107764,정동,1.0,104,50.0,0,26875.559786532827,을지로동,0.15585960737656157
5658,126.97105645657287,37.56661282198663,정동,1.0,104,30.0,0,26875.559786532827,을지로동,0.15585960737656157
5660,126.9706768626457,37.56684158127169,정동,1.0,104,30.0,0,26875.559786532827,을지로동,0.15585960737656157
5661,126.97026273305107,37.56715271769179,정동,1.0,104,30.0,0,26875.559786532827,을지로동,0.15585960737656157
5662,126.97011326505638,37.5670657158312,정동,1.0,104,50.0,0,26875.559786532827,을지로동,0.15585960737656157
5665,126.97002335708216,37.56184097804102,의주로2가,4.0,104,50.0,0,26875.559786532827,중림동,0.1901991313611407
5666,126.96992545400474,37.56223458054016,순화동,1.0,104,50.0,0,26875.559786532827,을지로동,0.15585960737656157
5672,126.96891605754156,37.559543005683395,중림동,2.0,104,50.0,0,26875.559786532827,중림동,0.1901991313611407
5681,126.96922106504655,37.55536079124497,봉래동2가,3.0,104,50.0,0,26875.559786532827,중림동,0.1901991313611407
5693,126.97323709179551,37.56527255335692,정동,1.0,104,50.0,0,26875.559786532827,을지로동,0.15585960737656157
5694,126.97332386244572,37.56537068437383,정동,1.0,104,30.0,0,26875.559786532827,을지로동,0.15585960737656157
5701,126.97200112557253,37.566022609131615,정동,1.0,104,50.0,0,26875.559786532827,을지로동,0.15585960737656157
5702,126.97210171249161,37.56612561678551,정동,1.0,104,30.0,0,26875.559786532827,을지로동,0.15585960737656157
5704,126.97282356363709,37.565512459135384,정동,1.0,104,50.0,0,26875.559786532827,을지로동,0.15585960737656157
127438,127.02318256646276,37.571388547626384,황학동,,,,0,,황학동,0.1717813302883243
5705,126.97292989850651,37.56562233300565,정동,1.0,104,30.0,0,26875.559786532827,을지로동,0.15585960737656157
5759,126.97594735574765,37.560682047937,남대문로4가,2.0,104,50.0,1,26875.559786532827,중림동,0.1901991313611407
5760,126.97531200741565,37.56073226449631,남대문로4가,4.0,104,50.0,0,26875.559786532827,중림동,0.1901991313611407
5762,126.97482905539255,37.56068639188398,남대문로4가,1.0,104,30.0,0,26875.559786532827,중림동,0.1901991313611407
5765,126.97463075209211,37.560514709543654,남대문로4가,1.0,104,30.0,0,26875.559786532827,중림동,0.1901991313611407
5781,126.97351442892034,37.56306159995314,서소문동,3.0,104,50.0,1,26875.559786532827,을지로동,0.15585960737656157
5782,126.97359788084555,37.56283505407124,서소문동,3.0,104,50.0,1,26875.559786532827,을지로동,0.15585960737656157
5811,126.97503515169325,37.56335257473638,서소문동,3.0,104,50.0,0,26875.559786532827,을지로동,0.15585960737656157
5814,126.97492871188703,37.563556231427434,서소문동,3.0,104,50.0,0,26875.559786532827,을지로동,0.15585960737656157
5823,126.97161261828609,37.55944985498973,순화동,4.0,104,40.0,1,26875.559786532827,을지로동,0.15585960737656157
5825,126.97167875068403,37.55941554288556,순화동,4.0,104,40.0,0,26875.559786532827,을지로동,0.15585960737656157
127536,127.02333982554458,37.569518206184995,황학동,,,,1,,황학동,0.1717813302883243
5826,126.97393534841066,37.559660935578734,봉래동1가,1.0,104,50.0,0,26875.559786532827,중림동,0.1901991313611407
5830,126.97373154540537,37.558791248064864,남대문로5가,4.0,104,50.0,0,26875.559786532827,중림동,0.1901991313611407
126178,127.0124968716483,37.56481349107212,신당동,3.0,104,50.0,0,26875.559786532827,신당동,0.1998197792295562
5831,126.97389543623699,37.55870203163978,남대문로5가,4.0,104,50.0,3,26875.559786532827,중림동,0.1901991313611407
141676,126.96582090402481,37.55428653341991,만리동2가,2.0,104,50.0,0,26875.559786532827,중림동,0.1901991313611407
121262,126.98091504312546,37.55494674731226,회현동1가,3.0,104,50.0,0,26875.559786532827,회현동,0.29465968586387437
126003,127.0116143808012,37.55623163561538,신당동,2.0,104,50.0,0,26875.559786532827,신당동,0.1998197792295562
126002,127.01136142835084,37.556332355708804,신당동,2.0,104,50.0,1,26875.559786532827,신당동,0.1998197792295562
125994,127.01093866499369,37.55502106569524,신당동,2.0,104,50.0,2,26875.559786532827,신당동,0.1998197792295562
125905,127.0116873467359,37.554072396469444,신당동,2.0,104,30.0,3,26875.559786532827,신당동,0.1998197792295562
5949,126.97737426893069,37.56684763182768,태평로1가,3.0,104,50.0,0,26875.559786532827,소공동,0.09772727272727273
119590,126.97147922446499,37.566271963098465,정동,1.0,104,50.0,0,26875.559786532827,을지로동,0.15585960737656157
119583,126.96860813749238,37.56373322544083,의주로1가,4.0,104,50.0,0,26875.559786532827,중림동,0.1901991313611407
5957,126.97907050159083,37.56699669913704,무교동,2.0,104,30.0,1,26875.559786532827,을지로동,0.15585960737656157
119573,126.96878170092943,37.56351224072805,의주로1가,1.0,104,30.0,0,26875.559786532827,중림동,0.1901991313611407
5958,126.97922596321804,37.566243800342896,을지로1가,2.0,104,30.0,0,26875.559786532827,을지로동,0.15585960737656157
5959,126.97907627600961,37.56690973603918,태평로1가,3.0,104,30.0,2,26875.559786532827,소공동,0.09772727272727273
5960,126.97939856639648,37.56587308875078,을지로1가,3.0,104,50.0,0,26875.559786532827,을지로동,0.15585960737656157
5962,126.97904195758073,37.56625978753027,을지로1가,2.0,104,30.0,0,26875.559786532827,을지로동,0.15585960737656157
5963,126.97847875614212,37.56520925094619,태평로2가,3.0,104,50.0,0,26875.559786532827,소공동,0.09772727272727273
5964,126.97816562999118,37.564364725753094,소공동,2.0,104,30.0,0,26875.559786532827,소공동,0.09772727272727273
5965,126.97822308627065,37.56451120231602,태평로2가,2.0,104,30.0,0,26875.559786532827,소공동,0.09772727272727273
119056,126.96870018092997,37.563623400403074,의주로1가,1.0,104,30.0,0,26875.559786532827,중림동,0.1901991313611407
119055,126.96886126772557,37.563403744042105,순화동,1.0,104,30.0,0,26875.559786532827,을지로동,0.15585960737656157
5966,126.97751004673822,37.56468270842273,태평로2가,2.0,104,30.0,0,26875.559786532827,소공동,0.09772727272727273
119054,126.96941308506295,37.562318183119146,의주로1가,3.0,104,50.0,0,26875.559786532827,중림동,0.1901991313611407
5967,126.97823174109061,37.56440822004067,소공동,2.0,104,30.0,0,26875.559786532827,소공동,0.09772727272727273
119046,126.96958614938761,37.562408421998356,의주로1가,4.0,104,50.0,0,26875.559786532827,중림동,0.1901991313611407
119045,126.97005205426916,37.561969143083836,순화동,1.0,104,50.0,0,26875.559786532827,을지로동,0.15585960737656157
119044,126.96967842719431,37.56171273219727,의주로2가,4.0,104,50.0,0,26875.559786532827,중림동,0.1901991313611407
119039,126.96797974624397,37.56089070085933,중림동,3.0,104,50.0,0,26875.559786532827,중림동,0.1901991313611407
119026,126.96784724919343,37.5614856830924,중림동,2.0,104,50.0,0,26875.559786532827,중림동,0.1901991313611407
5968,126.97878658387566,37.564486131074474,소공동,2.0,104,30.0,0,26875.559786532827,소공동,0.09772727272727273
5969,126.97870318360309,37.56457994580817,소공동,2.0,104,30.0,0,26875.559786532827,소공동,0.09772727272727273
5975,126.97875478329479,37.56510631708053,소공동,3.0,104,50.0,0,26875.559786532827,소공동,0.09772727272727273
120933,126.98254457605805,37.568796047817585,남대문로1가,2.0,104,50.0,0,26875.559786532827,명동,0.2357627618766598
5976,126.97936687192168,37.566124821503,을지로1가,3.0,104,50.0,0,26875.559786532827,을지로동,0.15585960737656157
6019,126.9796406795671,37.56362121686652,소공동,2.0,104,50.0,0,26875.559786532827,소공동,0.09772727272727273
6022,126.97790419107757,37.56375135090433,북창동,4.0,104,30.0,2,26875.559786532827,소공동,0.09772727272727273
6026,126.97650167258021,37.56233905645109,태평로2가,5.0,104,50.0,0,26875.559786532827,소공동,0.09772727272727273
6068,126.97629902358983,37.55702755883726,남창동,1.0,104,50.0,2,26875.559786532827,회현동,0.29465968586387437
6153,126.97689980757774,37.55779411011401,남창동,3.0,104,50.0,1,26875.559786532827,회현동,0.29465968586387437
6155,126.97993765013776,37.559637248482936,회현동1가,2.0,104,50.0,1,26875.559786532827,회현동,0.29465968586387437
6167,126.97954699636641,37.55401279624135,남대문로5가,3.0,104,50.0,0,26875.559786532827,중림동,0.1901991313611407
6199,126.97716940726202,37.55512001106236,남대문로5가,3.0,104,50.0,0,26875.559786532827,중림동,0.1901991313611407
6201,126.97721515056689,37.55594160358366,남창동,4.0,104,40.0,0,26875.559786532827,회현동,0.29465968586387437
6210,126.97696642320415,37.55617727429849,남창동,2.0,104,50.0,1,26875.559786532827,회현동,0.29465968586387437
6212,126.97719353022269,37.55614070184521,남창동,4.0,104,40.0,0,26875.559786532827,회현동,0.29465968586387437
6213,126.97675373178103,37.55607653713164,남창동,1.0,104,50.0,4,26875.559786532827,회현동,0.29465968586387437
6511,126.986138528362,37.56082505066927,충무로2가,3.0,104,50.0,3,26875.559786532827,명동,0.2357627618766598
6512,126.98609248886596,37.561053898442076,충무로2가,3.0,104,50.0,1,26875.559786532827,명동,0.2357627618766598
6527,126.98893568146272,37.56107479590544,주자동,1.0,104,30.0,0,26875.559786532827,동화동,0.24080640259345557
6531,126.9893151520758,37.5611137358977,주자동,1.0,104,50.0,0,26875.559786532827,동화동,0.24080640259345557
6583,126.9875015964982,37.558381050235106,예장동,1.0,104,30.0,0,26875.559786532827,필동,0.18382769695824674
6592,126.98729748778092,37.558403913781085,남산동2가,1.0,104,30.0,1,26875.559786532827,필동,0.18382769695824674
6597,126.98729453923254,37.558838734690795,남산동2가,1.0,104,30.0,0,26875.559786532827,필동,0.18382769695824674
6632,126.98749864454867,37.558843333543656,예장동,1.0,104,30.0,0,26875.559786532827,필동,0.18382769695824674
6886,126.994507968034,37.568341793250404,입정동,2.0,104,30.0,1,26875.559786532827,을지로동,0.15585960737656157
6888,126.99610651628217,37.56847001441486,산림동,2.0,104,30.0,1,26875.559786532827,을지로동,0.15585960737656157
6891,126.99782294400448,37.56878587553209,주교동,4.0,104,50.0,0,26875.559786532827,을지로동,0.15585960737656157
6082,126.97697462283799,37.55755611728457,남창동,3.0,104,50.0,0,26875.559786532827,회현동,0.29465968586387437
122275,127.00025386481279,37.566657612697384,을지로5가,3.0,104,50.0,0,26875.559786532827,을지로동,0.15585960737656157
6084,126.97654070912051,37.55703424628606,남창동,2.0,104,50.0,0,26875.559786532827,회현동,0.29465968586387437
125895,127.01132222274043,37.55370168943821,신당동,2.0,104,60.0,5,26875.559786532827,신당동,0.1998197792295562
122781,126.9807695416317,37.56184321742557,남대문로3가,2.0,104,50.0,1,26875.559786532827,명동,0.2357627618766598
125787,127.00755498116764,37.56633468854833,을지로6가,1.0,104,50.0,0,26875.559786532827,을지로동,0.15585960737656157
125786,127.00766709504818,37.566217966300464,을지로6가,1.0,104,50.0,0,26875.559786532827,을지로동,0.15585960737656157
6122,126.97831673160553,37.55882879568618,남창동,3.0,104,50.0,3,26875.559786532827,회현동,0.29465968586387437
6123,126.97854962827917,37.55867779506991,남창동,3.0,104,50.0,1,26875.559786532827,회현동,0.29465968586387437
123602,127.00457950632574,37.56944032599578,방산동,2.0,104,30.0,1,26875.559786532827,을지로동,0.15585960737656157
122543,126.98945099316616,37.56610329705298,을지로2가,3.0,104,50.0,1,26875.559786532827,을지로동,0.15585960737656157
6127,126.98003559481428,37.55968043293475,회현동1가,2.0,104,50.0,0,26875.559786532827,회현동,0.29465968586387437
122040,126.99039010819189,37.56288057457944,충무로3가,1.0,104,30.0,1,26875.559786532827,필동,0.18382769695824674
122039,126.99013700905783,37.56370671338498,저동2가,1.0,104,30.0,0,26875.559786532827,동화동,0.24080640259345557
122035,126.99024348975543,37.562873696960985,충무로2가,1.0,104,30.0,0,26875.559786532827,명동,0.2357627618766598
122031,126.99041312988321,37.562704359551816,충무로3가,1.0,104,30.0,0,26875.559786532827,필동,0.18382769695824674
6137,126.97610040165176,37.55854916686609,남창동,2.0,104,50.0,1,26875.559786532827,회현동,0.29465968586387437
7240,126.99646633579928,37.55970614712988,필동3가,1.0,104,30.0,1,26875.559786532827,필동,0.18382769695824674
7246,126.99635421598653,37.55978624235325,필동3가,1.0,104,30.0,0,26875.559786532827,필동,0.18382769695824674
115695,126.9633464328896,37.559085990045865,중림동,1.0,104,50.0,1,26875.559786532827,중림동,0.1901991313611407
98363,126.96924140768652,37.56181789160149,의주로2가,2.0,104,50.0,0,26875.559786532827,중림동,0.1901991313611407
7267,126.995605537788,37.55639117816562,필동3가,1.0,104,30.0,0,26875.559786532827,필동,0.18382769695824674
7268,126.9955192981899,37.556398040525345,필동3가,1.0,104,30.0,0,26875.559786532827,필동,0.18382769695824674
7320,127.00179205492739,37.56934886007114,방산동,2.0,104,30.0,1,26875.559786532827,을지로동,0.15585960737656157
7332,127.00199183472014,37.56776176205845,방산동,3.0,104,50.0,0,26875.559786532827,을지로동,0.15585960737656157
7341,127.00268606621185,37.56450178707555,쌍림동,1.0,104,30.0,0,26875.559786532827,청구동,0.2478468022723108
7342,127.00275794235405,37.56456586427212,쌍림동,1.0,104,30.0,0,26875.559786532827,청구동,0.2478468022723108
7343,127.00274069908784,37.56474208151778,쌍림동,1.0,104,30.0,1,26875.559786532827,청구동,0.2478468022723108
7346,127.00225194823659,37.56449035350159,오장동,1.0,104,30.0,0,26875.559786532827,황학동,0.1717813302883243
7347,127.00212833134388,37.564700900597636,오장동,1.0,104,30.0,1,26875.559786532827,황학동,0.1717813302883243
7348,127.00224620768013,37.56480159375166,오장동,3.0,104,50.0,0,26875.559786532827,황학동,0.1717813302883243
7349,127.0026372030939,37.5648153168476,쌍림동,1.0,104,30.0,0,26875.559786532827,청구동,0.2478468022723108
7350,127.00215707631328,37.56454070294401,오장동,1.0,104,30.0,0,26875.559786532827,황학동,0.1717813302883243
7358,126.99864676358435,37.564291265065705,예관동,1.0,104,30.0,1,26875.559786532827,필동,0.18382769695824674
7364,127.00032573089847,37.56441485302203,오장동,1.0,104,30.0,1,26875.559786532827,황학동,0.1717813302883243
7365,126.99862951099101,37.56445146200543,오장동,1.0,104,30.0,0,26875.559786532827,황학동,0.1717813302883243
7372,127.0003113567878,37.564565896074306,오장동,1.0,104,30.0,1,26875.559786532827,황학동,0.1717813302883243
6926,126.99531299267903,37.56838988706411,산림동,2.0,104,30.0,0,26875.559786532827,을지로동,0.15585960737656157
6939,126.99807033819948,37.564263794684486,예관동,1.0,104,30.0,0,26875.559786532827,필동,0.18382769695824674
6941,126.99703823563402,37.5642225797533,인현동2가,1.0,104,30.0,0,26875.559786532827,동화동,0.24080640259345557
6942,126.99702672977823,37.564375911013016,인현동2가,1.0,104,30.0,0,26875.559786532827,동화동,0.24080640259345557
6951,126.99611538164625,37.56418593650563,인현동2가,1.0,104,30.0,2,26875.559786532827,동화동,0.24080640259345557
6952,126.99610099931752,37.56433240198968,인현동2가,1.0,104,30.0,0,26875.559786532827,동화동,0.24080640259345557
6957,126.99537077214818,37.56419048671899,인현동2가,1.0,104,30.0,0,26875.559786532827,동화동,0.24080640259345557
6964,126.99538226385332,37.56432093341302,인현동2가,1.0,104,30.0,1,26875.559786532827,동화동,0.24080640259345557
6896,126.99807308368203,37.56860737462777,주교동,3.0,104,50.0,0,26875.559786532827,을지로동,0.15585960737656157
6897,126.99809320442776,37.568804188437184,주교동,2.0,104,30.0,2,26875.559786532827,을지로동,0.15585960737656157
6902,126.997840199986,37.56860279353918,주교동,3.0,104,50.0,0,26875.559786532827,을지로동,0.15585960737656157
6645,126.98968504731782,37.56792495808458,수표동,1.0,104,30.0,1,26875.559786532827,을지로동,0.15585960737656157
6651,126.99228983842096,37.56825356085912,입정동,3.0,104,30.0,0,26875.559786532827,을지로동,0.15585960737656157
6652,126.99255436382407,37.56808651521608,입정동,3.0,104,50.0,0,26875.559786532827,을지로동,0.15585960737656157
6655,126.99228698338382,37.56805903570107,입정동,3.0,104,50.0,0,26875.559786532827,을지로동,0.15585960737656157
6680,126.99300038026495,37.56423842912368,초동,3.0,104,50.0,1,26875.559786532827,동화동,0.24080640259345557
6682,126.99308662278663,37.56430022453114,인현동1가,1.0,104,30.0,0,26875.559786532827,동화동,0.24080640259345557
6683,126.99276463908231,37.56419722136094,초동,3.0,104,50.0,0,26875.559786532827,동화동,0.24080640259345557
6684,126.99314699534088,37.56431395923438,인현동1가,1.0,104,30.0,0,26875.559786532827,동화동,0.24080640259345557
6685,126.99313260780632,37.564453558761585,인현동1가,1.0,104,30.0,1,26875.559786532827,동화동,0.24080640259345557
6686,126.99302048456913,37.56445584071697,초동,1.0,104,30.0,0,26875.559786532827,동화동,0.24080640259345557
6692,126.99173251532784,37.56438252457383,초동,1.0,104,30.0,0,26875.559786532827,동화동,0.24080640259345557
6693,126.99176124639551,37.56454958930954,초동,1.0,104,30.0,0,26875.559786532827,동화동,0.24080640259345557
6701,126.98984072123115,37.56496595220093,저동2가,1.0,104,30.0,0,26875.559786532827,동화동,0.24080640259345557
6702,126.98985509111057,37.56500256992149,저동2가,1.0,104,30.0,0,26875.559786532827,동화동,0.24080640259345557
6703,126.98978610244453,37.56492475394256,저동2가,1.0,104,30.0,0,26875.559786532827,동화동,0.24080640259345557
6704,126.99008509723535,37.56493851061279,저동2가,1.0,104,30.0,0,26875.559786532827,동화동,0.24080640259345557
6705,126.99018000692566,37.564666183430276,저동2가,1.0,104,30.0,0,26875.559786532827,동화동,0.24080640259345557
6706,126.99003333714116,37.565018604815414,저동2가,1.0,104,30.0,0,26875.559786532827,동화동,0.24080640259345557
6710,126.99020010404736,37.564876729895985,저동2가,1.0,104,30.0,0,26875.559786532827,동화동,0.24080640259345557
6725,126.99016831520687,37.56612626469077,을지로3가,3.0,104,50.0,0,26875.559786532827,을지로동,0.15585960737656157
6727,126.99014815906813,37.56636198158169,을지로3가,3.0,104,50.0,0,26875.559786532827,을지로동,0.15585960737656157
6734,126.992410813742,37.5662454336922,을지로3가,3.0,104,50.0,0,26875.559786532827,을지로동,0.15585960737656157
6735,126.99242803651663,37.56651548131065,을지로3가,3.0,104,50.0,1,26875.559786532827,을지로동,0.15585960737656157
6738,126.99280469211408,37.56623630423516,을지로3가,3.0,104,50.0,0,26875.559786532827,을지로동,0.15585960737656157
6739,126.9927960384099,37.56653381257707,을지로3가,3.0,104,50.0,0,26875.559786532827,을지로동,0.15585960737656157
6740,126.99273565879493,37.56657500241192,을지로3가,3.0,104,50.0,0,26875.559786532827,을지로동,0.15585960737656157
6745,126.99247981854964,37.56620195604105,을지로3가,3.0,104,50.0,0,26875.559786532827,을지로동,0.15585960737656157
6755,126.99246828253857,37.56655896594945,을지로3가,3.0,104,50.0,0,26875.559786532827,을지로동,0.15585960737656157
6769,126.99367626208449,37.561036239945096,필동2가,2.0,104,50.0,1,26875.559786532827,필동,0.18382769695824674
6770,126.99358712350325,37.56126051125376,필동1가,3.0,104,50.0,0,26875.559786532827,필동,0.18382769695824674
6775,126.99038455900536,37.561319795693805,충무로2가,1.0,104,30.0,0,26875.559786532827,명동,0.2357627618766598
6794,126.99316438243716,37.56280982333197,충무로3가,3.0,104,50.0,3,26875.559786532827,필동,0.18382769695824674
6795,126.99294589152055,37.56280523341744,충무로3가,3.0,104,50.0,0,26875.559786532827,필동,0.18382769695824674
6807,126.99026651357637,37.56268375077475,충무로2가,1.0,104,30.0,0,26875.559786532827,명동,0.2357627618766598
6822,126.99307231826803,37.56354214789024,초동,3.0,104,50.0,0,26875.559786532827,동화동,0.24080640259345557
6827,126.99007858364303,37.55985739842091,예장동,1.0,104,30.0,0,26875.559786532827,필동,0.18382769695824674
6829,126.9902539212283,37.56003820707347,남학동,2.0,104,50.0,0,26875.559786532827,을지로동,0.15585960737656157
6830,126.99019069947818,37.55985969632123,예장동,3.0,104,30.0,0,26875.559786532827,필동,0.18382769695824674
6831,126.99031427856596,37.56013890745755,남학동,1.0,104,50.0,0,26875.559786532827,을지로동,0.15585960737656157
6419,126.98186817925347,37.560005700173136,회현동2가,1.0,104,50.0,1,26875.559786532827,회현동,0.29465968586387437
6424,126.98178321984054,37.55473176223238,회현동1가,1.0,104,50.0,0,26875.559786532827,회현동,0.29465968586387437
6425,126.98095245465501,37.554781978889906,회현동1가,3.0,104,50.0,0,26875.559786532827,회현동,0.29465968586387437
6428,126.98061026488973,37.5552258988191,회현동1가,4.0,104,40.0,1,26875.559786532827,회현동,0.29465968586387437
6429,126.98190679118444,37.55487824742422,회현동1가,1.0,104,50.0,0,26875.559786532827,회현동,0.29465968586387437
6444,126.98806695161198,37.564425120932626,저동1가,1.0,104,30.0,0,26875.559786532827,동화동,0.24080640259345557
6445,126.98801231292785,37.564516656617535,저동1가,1.0,104,30.0,0,26875.559786532827,동화동,0.24080640259345557
6446,126.98771620455103,37.564445681734945,저동1가,2.0,104,50.0,2,26875.559786532827,동화동,0.24080640259345557
6447,126.98757246356506,37.56440676167316,저동1가,2.0,104,50.0,0,26875.559786532827,동화동,0.24080640259345557
6451,126.9880180404724,37.56465625755683,저동1가,1.0,104,30.0,0,26875.559786532827,동화동,0.24080640259345557
6452,126.98776502029612,37.5648026975528,저동1가,3.0,104,50.0,0,26875.559786532827,동화동,0.24080640259345557
6453,126.98762127291863,37.56479810550779,저동1가,3.0,104,50.0,0,26875.559786532827,동화동,0.24080640259345557
6456,126.98747465212915,37.564784358861445,저동1가,2.0,104,50.0,0,26875.559786532827,동화동,0.24080640259345557
6459,126.98874252380169,37.56469523387767,저동2가,1.0,104,30.0,0,26875.559786532827,동화동,0.24080640259345557
6465,126.98779357836187,37.56597671647296,을지로2가,3.0,104,50.0,0,26875.559786532827,을지로동,0.15585960737656157
6467,126.98943803178739,37.56633846275766,을지로2가,3.0,104,50.0,0,26875.559786532827,을지로동,0.15585960737656157
6471,126.98780214442543,37.566338305073984,을지로2가,3.0,104,50.0,0,26875.559786532827,을지로동,0.15585960737656157
6473,126.98725876376302,37.566347401801345,을지로2가,3.0,104,50.0,0,26875.559786532827,을지로동,0.15585960737656157
6474,126.98743119010555,37.566793683572385,을지로2가,1.0,104,30.0,0,26875.559786532827,을지로동,0.15585960737656157
6477,126.98727895780077,37.56594233419557,을지로2가,3.0,104,50.0,0,26875.559786532827,을지로동,0.15585960737656157
6480,126.98558556796158,37.56599935283694,을지로2가,3.0,104,50.0,1,26875.559786532827,을지로동,0.15585960737656157
6481,126.98566602435282,37.56622821561848,을지로2가,1.0,104,30.0,0,26875.559786532827,을지로동,0.15585960737656157
6484,126.98581971935492,37.56685300278485,장교동,1.0,104,30.0,0,26875.559786532827,을지로동,0.15585960737656157
6485,126.98581399617986,37.56671111326219,을지로2가,1.0,104,30.0,0,26875.559786532827,을지로동,0.15585960737656157
6486,126.98568605751494,37.56670880929026,을지로2가,1.0,104,30.0,0,26875.559786532827,을지로동,0.15585960737656157
6493,126.98560525566046,37.56818084639509,삼각동,2.0,104,50.0,0,26875.559786532827,을지로동,0.15585960737656157
6494,126.98574617836654,37.56795429911271,수하동,1.0,104,30.0,0,26875.559786532827,을지로동,0.15585960737656157
6495,126.98747411178691,37.567906435976816,장교동,2.0,104,30.0,0,26875.559786532827,을지로동,0.15585960737656157
6496,126.9858956844503,37.56794516295204,장교동,1.0,104,30.0,0,26875.559786532827,을지로동,0.15585960737656157
6497,126.98786510363107,37.568025480328465,장교동,2.0,104,50.0,0,26875.559786532827,을지로동,0.15585960737656157
6498,126.9878622452553,37.56792249622332,장교동,2.0,104,50.0,0,26875.559786532827,을지로동,0.15585960737656157
7001,126.99552155924947,37.566649518175105,을지로4가,3.0,104,50.0,0,26875.559786532827,을지로동,0.15585960737656157
7002,126.9955388231,37.56642066585761,을지로4가,3.0,104,50.0,1,26875.559786532827,을지로동,0.15585960737656157
7007,126.99743632834526,37.56674798205642,을지로4가,3.0,104,50.0,0,26875.559786532827,을지로동,0.15585960737656157
7008,126.99744496166535,37.56650768662758,을지로4가,3.0,104,50.0,1,26875.559786532827,을지로동,0.15585960737656157
7012,126.99819532345471,37.567361322007045,주교동,3.0,104,50.0,1,26875.559786532827,을지로동,0.15585960737656157
7018,126.99806023018094,37.56602710707838,을지로4가,3.0,104,50.0,1,26875.559786532827,을지로동,0.15585960737656157
7020,126.99832473113545,37.566024822597996,을지로4가,3.0,104,50.0,1,26875.559786532827,을지로동,0.15585960737656157
7066,126.9960867699752,37.561552980488855,필동2가,1.0,104,30.0,0,26875.559786532827,필동,0.18382769695824674
7067,126.99575616634505,37.561504909903526,충무로4가,2.0,104,50.0,2,26875.559786532827,필동,0.18382769695824674
7096,126.99624199558774,37.56186422582754,충무로4가,3.0,104,50.0,0,26875.559786532827,필동,0.18382769695824674
7097,126.99619887353774,37.56185049325793,충무로4가,3.0,104,50.0,0,26875.559786532827,필동,0.18382769695824674
7099,126.99580214959732,37.5617566500253,충무로4가,3.0,104,50.0,0,26875.559786532827,필동,0.18382769695824674
7100,126.99583664710906,37.56176809390465,충무로4가,3.0,104,50.0,0,26875.559786532827,필동,0.18382769695824674
7101,126.99616725054702,37.561843626640986,충무로4가,3.0,104,50.0,0,26875.559786532827,필동,0.18382769695824674
7102,126.99576190221117,37.56174863872695,충무로4가,3.0,104,50.0,0,26875.559786532827,필동,0.18382769695824674
7103,126.99567565803973,37.56172803881543,충무로4가,3.0,104,50.0,2,26875.559786532827,필동,0.18382769695824674
7508,127.00282544715239,37.56306687502246,쌍림동,3.0,104,50.0,0,26875.559786532827,청구동,0.2478468022723108
7509,127.00281683659531,37.56344219431006,쌍림동,4.0,104,50.0,0,26875.559786532827,청구동,0.2478468022723108
7510,127.00234534797664,37.56333693219467,오장동,2.0,104,50.0,0,26875.559786532827,황학동,0.1717813302883243
7511,127.00216135700616,37.563442208129295,오장동,2.0,104,50.0,0,26875.559786532827,황학동,0.1717813302883243
7530,126.99856916253044,37.563119536374856,예관동,1.0,104,30.0,0,26875.559786532827,필동,0.18382769695824674
7609,127.00066053012435,37.55143080974111,장충동2가,2.0,104,50.0,0,26875.559786532827,장충동,0.17818315828266076
7611,127.00085024204587,37.551279765177085,장충동2가,2.0,104,50.0,0,26875.559786532827,장충동,0.17818315828266076
7636,127.00250166423163,37.55291146742284,장충동2가,2.0,104,50.0,0,26875.559786532827,장충동,0.17818315828266076
7640,127.0045809528665,37.569586791767065,방산동,2.0,104,30.0,0,26875.559786532827,을지로동,0.15585960737656157
7853,127.00559512676676,37.55928612173194,장충동1가,3.0,104,50.0,0,26875.559786532827,장충동,0.17818315828266076
7854,127.00608092840221,37.55890162423392,장충동2가,4.0,104,50.0,0,26875.559786532827,장충동,0.17818315828266076
7855,127.00538815311546,37.55940284651651,장충동2가,1.0,104,50.0,1,26875.559786532827,장충동,0.17818315828266076
7856,127.00554338786503,37.55937537694034,장충동2가,3.0,104,50.0,0,26875.559786532827,장충동,0.17818315828266076
7862,127.00619308098914,37.5593593249218,장충동2가,2.0,104,50.0,0,26875.559786532827,장충동,0.17818315828266076
7649,127.006597856918,37.56945853867834,을지로6가,2.0,104,30.0,0,26875.559786532827,을지로동,0.15585960737656157
7650,127.00650585238391,37.56945854378432,을지로6가,2.0,104,30.0,0,26875.559786532827,을지로동,0.15585960737656157
7651,127.00654324103766,37.56959356490225,을지로6가,1.0,104,30.0,0,26875.559786532827,을지로동,0.15585960737656157
7652,127.00671573793275,37.569460820560046,을지로6가,2.0,104,30.0,1,26875.559786532827,을지로동,0.15585960737656157
7660,127.00693522221324,37.5642658952912,광희동2가,2.0,104,50.0,0,26875.559786532827,광희동,0.18015591778880227
15226,126.96923610341517,37.55723853698685,중림동,3.0,104,50.0,0,26875.559786532827,중림동,0.1901991313611407
15227,126.96895435710405,37.55730711923699,중림동,3.0,104,50.0,0,26875.559786532827,중림동,0.1901991313611407
15242,126.96939913612646,37.559252488260846,중림동,3.0,104,50.0,0,26875.559786532827,중림동,0.1901991313611407
15244,126.96556510941089,37.554197206256426,만리동2가,1.0,104,30.0,0,26875.559786532827,중림동,0.1901991313611407
15246,126.96889597798095,37.55943772790661,중림동,2.0,104,50.0,0,26875.559786532827,중림동,0.1901991313611407
15257,126.97105480659113,37.55973120903351,순화동,4.0,104,40.0,2,26875.559786532827,을지로동,0.15585960737656157
7661,127.00690644849588,37.564002715954146,광희동2가,1.0,104,50.0,1,26875.559786532827,광희동,0.18015591778880227
7663,127.0067742273199,37.56428650141382,광희동1가,2.0,104,50.0,0,26875.559786532827,광희동,0.18015591778880227
7664,127.00663737049864,37.56427170188587,광희동1가,2.0,104,50.0,0,26875.559786532827,광희동,0.18015591778880227
7668,127.006110132517,37.564494793929974,광희동1가,1.0,104,30.0,0,26875.559786532827,광희동,0.18015591778880227
7692,127.00617626885791,37.56464583349988,광희동1가,1.0,104,30.0,1,26875.559786532827,광희동,0.18015591778880227
7695,127.00517579468519,37.56480150166731,광희동1가,1.0,104,30.0,0,26875.559786532827,광희동,0.18015591778880227
77086,127.0072871687733,37.54728490306537,신당동,,,,0,,신당동,0.1998197792295562
7696,127.00513840916673,37.564641306171296,광희동1가,1.0,104,30.0,0,26875.559786532827,광희동,0.18015591778880227
7725,127.004296155718,37.5665362427295,을지로6가,3.0,104,50.0,0,26875.559786532827,을지로동,0.15585960737656157
7747,127.0063628819785,37.56159978878215,장충동1가,3.0,104,50.0,1,26875.559786532827,장충동,0.17818315828266076
7828,127.00564397284518,37.55895885924662,장충동2가,1.0,104,50.0,0,26875.559786532827,장충동,0.17818315828266076
7829,127.0055462256396,37.55887647670259,장충동2가,1.0,104,50.0,0,26875.559786532827,장충동,0.17818315828266076
7396,127.00218298207385,37.5656094461085,을지로5가,3.0,104,50.0,0,26875.559786532827,을지로동,0.15585960737656157
7400,127.00256248195639,37.565630035252134,을지로5가,4.0,104,50.0,0,26875.559786532827,을지로동,0.15585960737656157
7405,127.00244176968431,37.566778879790505,을지로5가,3.0,104,50.0,0,26875.559786532827,을지로동,0.15585960737656157
7406,127.00214277136169,37.566977987669254,을지로5가,3.0,104,50.0,2,26875.559786532827,을지로동,0.15585960737656157
7407,127.0024159010618,37.5669871365142,을지로5가,3.0,104,50.0,1,26875.559786532827,을지로동,0.15585960737656157
7408,127.00251939233812,37.56667818285553,을지로5가,4.0,104,50.0,0,26875.559786532827,을지로동,0.15585960737656157
7409,127.00214276487178,37.56675142324052,을지로5가,3.0,104,50.0,0,26875.559786532827,을지로동,0.15585960737656157
7410,127.00202201118702,37.56667361536254,을지로5가,3.0,104,50.0,0,26875.559786532827,을지로동,0.15585960737656157
7411,127.0020047714056,37.567062665685654,을지로5가,3.0,104,50.0,0,26875.559786532827,을지로동,0.15585960737656157
7419,127.000271115888,37.56689790826896,을지로4가,3.0,104,50.0,0,26875.559786532827,을지로동,0.15585960737656157
7425,126.99904347617938,37.56660268438323,을지로4가,3.0,104,50.0,0,26875.559786532827,을지로동,0.15585960737656157
7434,126.99901472284571,37.566831537110964,을지로4가,3.0,104,50.0,0,26875.559786532827,을지로동,0.15585960737656157
7490,126.99890410119721,37.56222930131705,충무로5가,3.0,104,50.0,1,26875.559786532827,동화동,0.24080640259345557
7504,127.00231370871849,37.56284261011188,장충동2가,1.0,104,50.0,0,26875.559786532827,장충동,0.17818315828266076
7507,127.00238271017147,37.56297305501345,장충동2가,1.0,104,50.0,0,26875.559786532827,장충동,0.17818315828266076
8184,127.01103301173634,37.56127905029686,신당동,1.0,104,30.0,0,26875.559786532827,신당동,0.1998197792295562
8191,127.01090937981348,37.561180654919404,신당동,1.0,104,30.0,1,26875.559786532827,신당동,0.1998197792295562
8371,127.00947959139418,37.55327847281824,신당동,2.0,104,50.0,1,26875.559786532827,신당동,0.1998197792295562
8378,127.01064392951258,37.554386024364305,신당동,2.0,104,50.0,3,26875.559786532827,신당동,0.1998197792295562
9477,127.02384729158919,37.56501885601477,신당동,,,,0,,신당동,0.1998197792295562
9494,127.02194057271991,37.56537909712678,신당동,,,,7,,신당동,0.1998197792295562
8231,127.01033164425358,37.56193363379768,신당동,1.0,104,30.0,1,26875.559786532827,신당동,0.1998197792295562
8232,127.01048689173986,37.56197252514547,신당동,1.0,104,30.0,0,26875.559786532827,신당동,0.1998197792295562
8233,127.01051564767748,37.5620251588115,신당동,1.0,104,30.0,0,26875.559786532827,신당동,0.1998197792295562
8234,127.01050128126732,37.562081229110575,신당동,1.0,104,30.0,0,26875.559786532827,신당동,0.1998197792295562
8236,127.01051133876948,37.56204918877543,신당동,1.0,104,30.0,0,26875.559786532827,신당동,0.1998197792295562
8237,127.01023102911145,37.56196797053167,신당동,1.0,104,30.0,0,26875.559786532827,신당동,0.1998197792295562
8238,127.01022528440821,37.56200458753288,신당동,1.0,104,30.0,0,26875.559786532827,신당동,0.1998197792295562
8239,127.01021666578029,37.562048070376655,신당동,1.0,104,30.0,0,26875.559786532827,신당동,0.1998197792295562
8240,127.0102741723456,37.562116721329396,신당동,1.0,104,30.0,0,26875.559786532827,신당동,0.1998197792295562
89746,126.98256147604437,37.56899743960665,다동,2.0,104,30.0,0,26875.559786532827,을지로동,0.15585960737656157
8241,127.01044666583293,37.56213043738132,신당동,1.0,104,30.0,0,26875.559786532827,신당동,0.1998197792295562
9336,127.0192297000131,37.5579160961811,신당동,1.0,104,40.0,0,26875.559786532827,신당동,0.1998197792295562
9354,127.01899713416914,37.559037514907104,신당동,2.0,104,40.0,1,26875.559786532827,신당동,0.1998197792295562
9355,127.01870391572712,37.55905815851489,신당동,2.0,104,40.0,0,26875.559786532827,신당동,0.1998197792295562
10553,126.9856397418326,37.568258660582245,삼각동,2.0,104,50.0,0,26875.559786532827,을지로동,0.15585960737656157
10570,127.00293181418105,37.562961599999326,쌍림동,3.0,104,50.0,0,26875.559786532827,청구동,0.2478468022723108
8668,127.01415288719333,37.56500782924691,신당동,3.0,104,50.0,1,26875.559786532827,신당동,0.1998197792295562
8669,127.01410980579892,37.565236687427884,신당동,3.0,104,50.0,2,26875.559786532827,신당동,0.1998197792295562
8675,127.01598436078602,37.56555684273294,흥인동,2.0,104,50.0,0,26875.559786532827,황학동,0.1717813302883243
8676,127.01592540908541,37.56548933906223,흥인동,3.0,104,50.0,1,26875.559786532827,황학동,0.1717813302883243
74238,127.00666236087537,37.56959362689835,을지로6가,1.0,104,30.0,1,26875.559786532827,을지로동,0.15585960737656157
74237,127.00676750332251,37.569602706373736,을지로6가,1.0,104,30.0,0,26875.559786532827,을지로동,0.15585960737656157
8678,127.01596169192625,37.56710846898291,흥인동,2.0,104,50.0,0,26875.559786532827,황학동,0.1717813302883243
8682,127.01625494765261,37.56711071749999,흥인동,1.0,104,30.0,0,26875.559786532827,황학동,0.1717813302883243
72082,127.00601768071324,37.55885814535343,장충동2가,3.0,104,50.0,0,26875.559786532827,장충동,0.17818315828266076
72038,127.00547732732011,37.560178654873496,장충동1가,3.0,104,50.0,0,26875.559786532827,장충동,0.17818315828266076
73941,127.00371772905768,37.55555359803658,장충동2가,1.0,104,40.0,3,26875.559786532827,장충동,0.17818315828266076
73940,127.00340437821606,37.55514395989069,장충동2가,1.0,104,40.0,0,26875.559786532827,장충동,0.17818315828266076
73919,126.97633350631496,37.553232978952636,남대문로5가,2.0,104,50.0,0,26875.559786532827,중림동,0.1901991313611407
73917,126.97632479240742,37.55349269675808,남대문로5가,2.0,104,50.0,0,26875.559786532827,중림동,0.1901991313611407
8708,127.01247391124745,37.5650492121234,신당동,1.0,104,30.0,0,26875.559786532827,신당동,0.1998197792295562
9795,127.00279080460253,37.55921184401425,장충동2가,3.0,104,50.0,0,26875.559786532827,장충동,0.17818315828266076
9796,127.00314871567976,37.55932969443731,장충동2가,3.0,104,50.0,0,26875.559786532827,장충동,0.17818315828266076
9814,126.99712751198453,37.56023252748762,필동3가,1.0,104,30.0,0,26875.559786532827,필동,0.18382769695824674
9815,126.99698807379802,37.56031646685343,필동3가,1.0,104,30.0,0,26875.559786532827,필동,0.18382769695824674
9820,126.99589128351289,37.5615072032146,충무로4가,1.0,104,30.0,1,26875.559786532827,필동,0.18382769695824674
9824,126.99835498312659,37.56309664827446,충무로4가,4.0,104,50.0,1,26875.559786532827,필동,0.18382769695824674
9826,126.99825433780171,37.564121908649845,예관동,4.0,104,50.0,0,26875.559786532827,필동,0.18382769695824674
9829,126.99817096312962,37.56418369771488,예관동,4.0,104,50.0,0,26875.559786532827,필동,0.18382769695824674
9830,126.99852887895734,37.56451137400465,예관동,1.0,104,30.0,0,26875.559786532827,필동,0.18382769695824674
9831,126.99844550445839,37.56455485501564,예관동,3.0,104,50.0,0,26875.559786532827,필동,0.18382769695824674
9832,126.99818533116309,37.56445832160534,예관동,1.0,104,30.0,0,26875.559786532827,필동,0.18382769695824674
9833,126.99855763394427,37.56422759657073,예관동,1.0,104,30.0,0,26875.559786532827,필동,0.18382769695824674
9834,126.99846851223607,37.564156650998996,예관동,4.0,104,50.0,0,26875.559786532827,필동,0.18382769695824674
9851,126.99414316790389,37.56425679959028,인현동1가,1.0,104,30.0,0,26875.559786532827,동화동,0.24080640259345557
9852,126.99416040504993,37.5644169975836,인현동1가,1.0,104,30.0,0,26875.559786532827,동화동,0.24080640259345557
8717,127.01399245486606,37.56034839885905,신당동,2.0,104,50.0,0,26875.559786532827,신당동,0.1998197792295562
67361,127.00434216987065,37.566771959601574,을지로6가,3.0,104,50.0,0,26875.559786532827,을지로동,0.15585960737656157
8721,127.01459636020178,37.56136901097135,신당동,2.0,104,50.0,1,26875.559786532827,신당동,0.1998197792295562
67360,127.00669678823866,37.566346182995865,을지로6가,1.0,104,10.0,0,26875.559786532827,을지로동,0.15585960737656157
67359,127.0066363920667,37.56611275636386,을지로6가,1.0,104,30.0,2,26875.559786532827,을지로동,0.15585960737656157
8722,127.01432614583244,37.56147202799407,신당동,2.0,104,50.0,1,26875.559786532827,신당동,0.1998197792295562
8725,127.01375386694187,37.56045598790137,신당동,2.0,104,50.0,0,26875.559786532827,신당동,0.1998197792295562
8729,127.01557956485729,37.563067419634095,신당동,1.0,104,30.0,1,26875.559786532827,신당동,0.1998197792295562
8733,127.01551951125974,37.562961711081236,신당동,2.0,104,50.0,0,26875.559786532827,신당동,0.1998197792295562
8734,127.01526654038491,37.56305786236773,신당동,2.0,104,50.0,2,26875.559786532827,신당동,0.1998197792295562
9874,126.99451083742278,37.568419603369605,입정동,2.0,104,30.0,0,26875.559786532827,을지로동,0.15585960737656157
9878,126.99797394424614,37.56734301018029,주교동,3.0,104,50.0,1,26875.559786532827,을지로동,0.15585960737656157
9886,127.00238572041785,37.56776862034364,방산동,4.0,104,50.0,0,26875.559786532827,을지로동,0.15585960737656157
9887,127.00251652969853,37.56704663617977,을지로5가,3.0,104,50.0,0,26875.559786532827,을지로동,0.15585960737656157
9896,127.00940115284436,37.569719240979566,을지로6가,2.0,104,30.0,0,26875.559786532827,을지로동,0.15585960737656157
72235,127.01799604697557,37.56817348677836,황학동,1.0,104,30.0,3,26875.559786532827,황학동,0.1717813302883243
74154,127.00743154152572,37.565904128986716,을지로6가,1.0,104,50.0,0,26875.559786532827,을지로동,0.15585960737656157
9899,127.0072945685554,37.564046174694994,광희동2가,1.0,104,50.0,1,26875.559786532827,광희동,0.18015591778880227
177916,126.97359370298474,37.55430798013113,남대문로5가,,,,0,,중림동,0.1901991313611407
9900,127.0074566662586,37.56435667188374,광희동2가,1.0,104,50.0,1,26875.559786532827,광희동,0.18015591778880227
9901,127.00754616195489,37.56441003524821,광희동2가,1.0,104,50.0,0,26875.559786532827,광희동,0.18015591778880227
9902,127.00703872938806,37.56436429598019,광희동2가,4.0,104,50.0,0,26875.559786532827,광희동,0.18015591778880227
9914,127.00494284634716,37.56364580369236,쌍림동,3.0,104,50.0,0,26875.559786532827,청구동,0.2478468022723108
9915,127.00486343333262,37.56386477309792,쌍림동,2.0,104,50.0,1,26875.559786532827,청구동,0.2478468022723108
8783,127.01252060870698,37.560630053559144,신당동,1.0,104,30.0,0,26875.559786532827,신당동,0.1998197792295562
8786,127.01258962283214,37.56074218428685,신당동,1.0,104,30.0,0,26875.559786532827,신당동,0.1998197792295562
8834,127.01224121411265,37.557336884397294,신당동,2.0,104,50.0,0,26875.559786532827,신당동,0.1998197792295562
9920,127.00292033766047,37.56355204127816,쌍림동,4.0,104,50.0,0,26875.559786532827,청구동,0.2478468022723108
8864,127.01602475453814,37.559517403306174,신당동,2.0,104,30.0,0,26875.559786532827,신당동,0.1998197792295562
8865,127.01591835776159,37.55937324015487,신당동,2.0,104,40.0,1,26875.559786532827,신당동,0.1998197792295562
8895,127.01482318936364,37.559943227288834,신당동,2.0,104,30.0,1,26875.559786532827,신당동,0.1998197792295562
8898,127.01408156091271,37.56028202083399,신당동,2.0,104,30.0,1,26875.559786532827,신당동,0.1998197792295562
8901,127.01474841947696,37.559812790312414,신당동,2.0,104,30.0,0,26875.559786532827,신당동,0.1998197792295562
8902,127.01381991622841,37.56007150679039,신당동,2.0,104,50.0,4,26875.559786532827,신당동,0.1998197792295562
8903,127.01394928691451,37.56010124249518,신당동,2.0,104,30.0,1,26875.559786532827,신당동,0.1998197792295562
8909,127.01295147452184,37.55858177059165,신당동,2.0,104,50.0,1,26875.559786532827,신당동,0.1998197792295562
8912,127.01269276608521,37.55868020559608,신당동,2.0,104,50.0,1,26875.559786532827,신당동,0.1998197792295562
9989,127.0171919392542,37.55965798386296,신당동,2.0,104,40.0,0,26875.559786532827,신당동,0.1998197792295562
10007,127.01642380629605,37.565197944172965,신당동,3.0,104,50.0,1,26875.559786532827,신당동,0.1998197792295562
10008,127.01648470750658,37.56525140788493,신당동,3.0,104,50.0,0,26875.559786532827,신당동,0.1998197792295562
10009,127.01646701811315,37.56559385386645,흥인동,3.0,104,50.0,0,26875.559786532827,황학동,0.1717813302883243
10060,126.98218112203404,37.560603937668084,회현동2가,3.0,104,50.0,0,26875.559786532827,회현동,0.29465968586387437
10061,126.98239013544858,37.56027211896297,회현동2가,1.0,104,50.0,0,26875.559786532827,회현동,0.29465968586387437
10067,126.98016215125041,37.559428715703774,회현동1가,3.0,104,50.0,0,26875.559786532827,회현동,0.29465968586387437
10090,126.98075970380165,37.555381543580154,회현동1가,4.0,104,40.0,0,26875.559786532827,회현동,0.29465968586387437
10098,126.98565920752799,37.55679488734415,예장동,1.0,104,30.0,0,26875.559786532827,필동,0.18382769695824674
10104,126.98573108611996,37.55663865407123,예장동,1.0,104,30.0,0,26875.559786532827,필동,0.18382769695824674
10113,126.98810795061107,37.55970846177889,남산동3가,1.0,104,30.0,0,26875.559786532827,필동,0.18382769695824674
10114,126.9883120694319,37.559642114723104,예장동,1.0,104,30.0,0,26875.559786532827,필동,0.18382769695824674
8077,127.00942700757706,37.56954759928032,을지로6가,2.0,104,30.0,0,26875.559786532827,을지로동,0.15585960737656157
8082,127.01073742888173,37.56493271734578,신당동,1.0,104,50.0,0,26875.559786532827,신당동,0.1998197792295562
8083,127.01087833923845,37.56518673130687,신당동,3.0,104,50.0,0,26875.559786532827,신당동,0.1998197792295562
8086,127.01084376321182,37.56466037251213,신당동,3.0,104,50.0,0,26875.559786532827,신당동,0.1998197792295562
8105,127.01011654453741,37.56454073154713,광희동2가,1.0,104,30.0,0,26875.559786532827,광희동,0.18015591778880227
9362,127.01793372185602,37.560046924009136,신당동,2.0,104,40.0,0,26875.559786532827,신당동,0.1998197792295562
9363,127.01791643317353,37.55987986378057,신당동,2.0,104,40.0,0,26875.559786532827,신당동,0.1998197792295562
9366,127.01899971255183,37.55787036275373,신당동,1.0,104,40.0,0,26875.559786532827,신당동,0.1998197792295562
10413,127.02441267346353,37.56199294657865,신당동,,,,0,,신당동,0.1998197792295562
10419,127.0234851422553,37.56532788018554,신당동,,,,0,,신당동,0.1998197792295562
8567,127.0161404902729,37.56963498066293,흥인동,2.0,104,30.0,0,26875.559786532827,황학동,0.1717813302883243
8568,127.01566320509833,37.5695846973245,흥인동,2.0,104,30.0,0,26875.559786532827,황학동,0.1717813302883243
8572,127.01575232066129,37.56951831814046,흥인동,3.0,104,50.0,0,26875.559786532827,황학동,0.1717813302883243
8574,127.01606572019378,37.56955946942116,흥인동,3.0,104,50.0,0,26875.559786532827,황학동,0.1717813302883243
8576,127.01584979671385,37.56820240104184,흥인동,3.0,104,50.0,0,26875.559786532827,황학동,0.1717813302883243
8577,127.01579801893388,37.56807882741225,흥인동,2.0,104,30.0,1,26875.559786532827,황학동,0.1717813302883243
8578,127.01617460506017,37.56784534644713,흥인동,2.0,104,50.0,0,26875.559786532827,황학동,0.1717813302883243
8579,127.01623786326935,37.56787508864279,흥인동,1.0,104,30.0,0,26875.559786532827,황학동,0.1717813302883243
9658,126.97597619931395,37.56038454465042,남대문로4가,4.0,104,50.0,1,26875.559786532827,중림동,0.1901991313611407
9660,126.97600916048209,37.560718706167805,남대문로4가,2.0,104,50.0,1,26875.559786532827,중림동,0.1901991313611407
9661,126.976070412393,37.56243279961253,태평로2가,4.0,104,50.0,0,26875.559786532827,소공동,0.09772727272727273
9663,126.97663630181883,37.56390672689719,태평로2가,3.0,104,50.0,2,26875.559786532827,소공동,0.09772727272727273
9665,126.9771092573847,37.563835904237095,태평로2가,4.0,104,30.0,1,26875.559786532827,소공동,0.09772727272727273
9666,126.97718111655858,37.563881688761754,태평로2가,4.0,104,30.0,0,26875.559786532827,소공동,0.09772727272727273
10261,126.97977003413175,37.56368302943352,소공동,2.0,104,50.0,1,26875.559786532827,소공동,0.09772727272727273
10262,126.98091318891163,37.56221627135859,남대문로3가,2.0,104,50.0,0,26875.559786532827,명동,0.2357627618766598
10266,127.01198419386658,37.55744076481572,신당동,2.0,104,50.0,1,26875.559786532827,신당동,0.1998197792295562
10273,127.00939689952261,37.55678419000314,신당동,4.0,104,50.0,0,26875.559786532827,신당동,0.1998197792295562
10279,127.0135669545988,37.56017680860944,신당동,2.0,104,50.0,0,26875.559786532827,신당동,0.1998197792295562
8382,127.01064681840046,37.55448671961763,신당동,4.0,104,50.0,0,26875.559786532827,신당동,0.1998197792295562
8423,127.01039674479705,37.55458514887995,신당동,2.0,104,50.0,1,26875.559786532827,신당동,0.1998197792295562
8426,127.0109558703008,37.55473270878675,신당동,4.0,104,60.0,0,26875.559786532827,신당동,0.1998197792295562
8429,127.01066559358961,37.555121786180614,신당동,2.0,104,50.0,1,26875.559786532827,신당동,0.1998197792295562
8430,127.01065986201122,37.55524536754036,신당동,2.0,104,50.0,5,26875.559786532827,신당동,0.1998197792295562
8431,127.0103895931613,37.554835744015094,신당동,4.0,104,50.0,1,26875.559786532827,신당동,0.1998197792295562
8438,127.01148613909292,37.55414336078462,신당동,2.0,104,30.0,0,26875.559786532827,신당동,0.1998197792295562
9678,126.97907622799967,37.56708137574274,무교동,3.0,104,30.0,0,26875.559786532827,을지로동,0.15585960737656157
9694,126.98568315269502,37.566864428950616,을지로2가,1.0,104,30.0,0,26875.559786532827,을지로동,0.15585960737656157
9697,126.9874397852509,37.56697218979306,장교동,4.0,104,50.0,0,26875.559786532827,을지로동,0.15585960737656157
9698,126.98739649228541,37.567860657132506,장교동,2.0,104,30.0,0,26875.559786532827,을지로동,0.15585960737656157
9699,126.98781625176157,37.56787443237317,장교동,3.0,104,50.0,0,26875.559786532827,을지로동,0.15585960737656157
9705,126.98942486181795,37.5679158100937,수표동,1.0,104,30.0,0,26875.559786532827,을지로동,0.15585960737656157
9714,126.9898292543356,37.56472336699545,저동2가,1.0,104,30.0,0,26875.559786532827,동화동,0.24080640259345557
9715,126.98879141524161,37.564580812007506,저동2가,1.0,104,30.0,0,26875.559786532827,동화동,0.24080640259345557
10303,127.00738250692189,37.54971848172777,신당동,2.0,104,50.0,0,26875.559786532827,신당동,0.1998197792295562
8113,127.01054767262343,37.564873232662315,신당동,1.0,104,50.0,0,26875.559786532827,신당동,0.1998197792295562
8132,127.00912165698058,37.564604449127906,광희동2가,3.0,104,50.0,2,26875.559786532827,광희동,0.18015591778880227
8139,127.0091762533374,37.564377880377656,광희동2가,3.0,104,50.0,1,26875.559786532827,광희동,0.18015591778880227
9396,127.01740177261212,37.55955268063315,신당동,2.0,104,40.0,0,26875.559786532827,신당동,0.1998197792295562
9403,127.02325618691843,37.57160730302732,황학동,,,,0,,황학동,0.1717813302883243
9404,127.02326000732238,37.57144399518133,황학동,,,,0,,황학동,0.1717813302883243
8580,127.01620917147582,37.56814742755031,흥인동,1.0,104,30.0,0,26875.559786532827,황학동,0.1717813302883243
8581,127.01614593181903,37.5682046494423,흥인동,3.0,104,50.0,1,26875.559786532827,황학동,0.1717813302883243
8583,127.01579511291747,37.56793236193749,흥인동,2.0,104,30.0,0,26875.559786532827,황학동,0.1717813302883243
8587,127.01380846016811,37.56809280805486,신당동,2.0,104,30.0,0,26875.559786532827,신당동,0.1998197792295562
8593,127.01275898900445,37.56771989588514,신당동,2.0,104,30.0,0,26875.559786532827,신당동,0.1998197792295562
8594,127.01246285629891,37.567719927517615,신당동,2.0,104,30.0,1,26875.559786532827,신당동,0.1998197792295562
71666,127.00612715243487,37.5616890539837,장충동1가,3.0,104,50.0,5,26875.559786532827,장충동,0.17818315828266076
8596,127.01381705880354,37.56794862971439,신당동,2.0,104,30.0,0,26875.559786532827,신당동,0.1998197792295562
8597,127.01243183281863,37.56782166887893,신당동,2.0,104,40.0,1,26875.559786532827,신당동,0.1998197792295562
8163,127.0080896696043,37.5657281926974,을지로7가,1.0,104,50.0,0,26875.559786532827,을지로동,0.15585960737656157
8165,127.00813858715075,37.56611952795588,을지로7가,3.0,104,50.0,2,26875.559786532827,을지로동,0.15585960737656157
8166,127.0075606872635,37.565899867507746,을지로6가,1.0,104,50.0,0,26875.559786532827,을지로동,0.15585960737656157
8167,127.00801205273862,37.56580371948045,을지로7가,1.0,104,50.0,0,26875.559786532827,을지로동,0.15585960737656157
74430,126.97973386243964,37.5539373068224,남대문로5가,3.0,104,50.0,0,26875.559786532827,중림동,0.1901991313611407
8168,127.00827084029473,37.56614240406351,을지로7가,3.0,104,50.0,0,26875.559786532827,을지로동,0.15585960737656157
74388,126.97407100351302,37.553951074533295,남대문로5가,4.0,104,50.0,0,26875.559786532827,중림동,0.1901991313611407
8176,127.01186951314438,37.56081668573429,신당동,1.0,104,30.0,0,26875.559786532827,신당동,0.1998197792295562
9439,127.02201974716311,37.56820255574296,황학동,1.0,104,30.0,0,26875.559786532827,황학동,0.1717813302883243
9440,127.02195932653572,37.56805381260861,황학동,1.0,104,30.0,1,26875.559786532827,황학동,0.1717813302883243
9443,127.02325018106482,37.56786132900315,황학동,,,,1,,황학동,0.1717813302883243
9444,127.02323298389463,37.5680329720723,황학동,,,,1,,황학동,0.1717813302883243
9445,127.02335663834691,37.56811533471976,황학동,,,,0,,황학동,0.1717813302883243
8606,127.0122934329961,37.568974059170365,신당동,1.0,104,40.0,0,26875.559786532827,신당동,0.1998197792295562
8607,127.0121698008445,37.56896262933574,신당동,1.0,104,40.0,3,26875.559786532827,신당동,0.1998197792295562
8609,127.01214688571392,37.569491281814614,신당동,1.0,104,40.0,0,26875.559786532827,신당동,0.1998197792295562
8612,127.01225901666217,37.56949355875278,신당동,1.0,104,40.0,0,26875.559786532827,신당동,0.1998197792295562
8613,127.0124746871192,37.56970179225495,신당동,2.0,104,30.0,0,26875.559786532827,신당동,0.1998197792295562
8614,127.01247179021738,37.569571346436895,신당동,2.0,104,30.0,2,26875.559786532827,신당동,0.1998197792295562
8620,127.01591959141305,37.565171234154874,무학동,3.0,104,50.0,1,26875.559786532827,동화동,0.24080640259345557
9722,126.99028075211493,37.563729610613706,저동2가,1.0,104,30.0,0,26875.559786532827,동화동,0.24080640259345557
10328,126.99813058414597,37.56867603141908,주교동,3.0,104,50.0,1,26875.559786532827,을지로동,0.15585960737656157
10331,126.98557402511815,37.566221338823404,을지로2가,3.0,104,50.0,0,26875.559786532827,을지로동,0.15585960737656157
7863,127.006052210474,37.55926550239372,장충동2가,2.0,104,50.0,0,26875.559786532827,장충동,0.17818315828266076
10333,126.97693958921292,37.55766756201086,남창동,3.0,104,50.0,0,26875.559786532827,회현동,0.29465968586387437
10335,126.96913881708821,37.56806411952721,충정로1가,3.0,103,50.0,0,32310.64301369863,중림동,0.1901991313611407
10337,126.97743826778778,37.56913388464742,태평로1가,2.0,104,50.0,0,26875.559786532827,소공동,0.09772727272727273
10341,126.97913177305661,37.56893967120317,무교동,2.0,104,50.0,0,26875.559786532827,을지로동,0.15585960737656157
10342,126.97941638994004,37.569012954088926,무교동,2.0,104,30.0,0,26875.559786532827,을지로동,0.15585960737656157
10343,126.98094494556429,37.568908102391774,다동,2.0,104,50.0,0,26875.559786532827,을지로동,0.15585960737656157
10344,126.9809431317299,37.568814108405476,다동,2.0,104,50.0,0,26875.559786532827,을지로동,0.15585960737656157
10346,126.98742234068601,37.568023145458916,장교동,2.0,104,30.0,0,26875.559786532827,을지로동,0.15585960737656157
