crosswalk_id,original_rank,real_lon,real_lat,current_sumo_lon,current_sumo_lat,generated_lon,generated_lat,mapping_distance_m,failure_category,nearest_tls_id,nearest_tls_distance_m,nearby_node_id,nearby_node_distance_m,candidate_edge_id,candidate_edge_distance_m,candidate_edge_function,candidate_edge_from_node,candidate_edge_to_node,candidate_edge_angle,candidate_rank,suggested_pair_rank,note
NODE_5830,10,126.97373154540536,37.558791248064864,126.97403635501728,37.558754815702926,,,27.172,MANUAL_REVIEW_NEEDED,5593950705,16.789,13721232786,10.513,1498257489#1,0.254,normal,13721232786,13721232770,234.92,1,1,real-point neighborhood; top2 usually pair seed; strategy=EXISTING_CROSSING_REMAP
NODE_5830,10,126.97373154540536,37.558791248064864,126.97403635501728,37.558754815702926,,,27.172,MANUAL_REVIEW_NEEDED,5593950705,16.789,13721232786,10.513,-1498257489#1,2.249,normal,13721232770,13721232786,54.92,2,1,real-point neighborhood; top2 usually pair seed; strategy=EXISTING_CROSSING_REMAP
NODE_5830,10,126.97373154540536,37.558791248064864,126.97403635501728,37.558754815702926,,,27.172,MANUAL_REVIEW_NEEDED,5593950705,16.789,10211788254,67.526,379994110#2,4.037,normal,10211788254,5217304021,62.12,3,,real-point neighborhood; top2 usually pair seed; strategy=EXISTING_CROSSING_REMAP
NODE_5830,10,126.97373154540536,37.558791248064864,126.97403635501728,37.558754815702926,,,27.172,MANUAL_REVIEW_NEEDED,5593950705,16.789,8574527261,1101.935,1346616770,6.538,normal,8574527261,12455789584,138.02,4,,real-point neighborhood; top2 usually pair seed; strategy=EXISTING_CROSSING_REMAP
NODE_5830,10,126.97373154540536,37.558791248064864,126.97403635501728,37.558754815702926,,,27.172,MANUAL_REVIEW_NEEDED,5593950705,16.789,5800404858,10.246,585341916#0,10.258,normal,5800404858,13721232786,329.76,5,,real-point neighborhood; top2 usually pair seed; strategy=EXISTING_CROSSING_REMAP
NODE_5830,10,126.97373154540536,37.558791248064864,126.97403635501728,37.558754815702926,,,27.172,MANUAL_REVIEW_NEEDED,5593950705,16.789,5593950705,16.789,585341901#2,10.598,normal,5593950705,5936945095,233.74,6,,real-point neighborhood; top2 usually pair seed; strategy=EXISTING_CROSSING_REMAP
NODE_5830,10,126.97373154540536,37.558791248064864,126.97403635501728,37.558754815702926,,,27.172,MANUAL_REVIEW_NEEDED,5593950705,16.789,13721232786,10.513,585341916#1,11.843,normal,13721232786,5593950705,329.51,7,,real-point neighborhood; top2 usually pair seed; strategy=EXISTING_CROSSING_REMAP
NODE_5830,10,126.97373154540536,37.558791248064864,126.97403635501728,37.558754815702926,,,27.172,MANUAL_REVIEW_NEEDED,5593950705,16.789,10211788255,66.764,637016267,12.296,normal,3426723641,10211788255,251.26,8,,real-point neighborhood; top2 usually pair seed; strategy=EXISTING_CROSSING_REMAP
LINK_153517,20,126.97691969839532,37.55773083606243,126.97595965750337,37.55848496388432,,,119.135,LOCATION_TOO_FAR,436856319,119.324,10727322978,6.649,333557072#1,2.251,normal,5318242317,10727322978,207.2,1,1,real-point neighborhood; top2 usually pair seed; strategy=HOLD
LINK_153517,20,126.97691969839532,37.55773083606243,126.97595965750337,37.55848496388432,,,119.135,LOCATION_TOO_FAR,436856319,119.324,9355249244,717.457,178441449#3,6.317,normal,9355249244,9355249195,24.88,2,1,real-point neighborhood; top2 usually pair seed; strategy=HOLD
LINK_153517,20,126.97691969839532,37.55773083606243,126.97595965750337,37.55848496388432,,,119.135,LOCATION_TOO_FAR,436856319,119.324,5829710817,124.632,218926712#0,7.093,normal,5829710817,6697187414,210.41,3,,real-point neighborhood; top2 usually pair seed; strategy=HOLD
LINK_153517,20,126.97691969839532,37.55773083606243,126.97595965750337,37.55848496388432,,,119.135,LOCATION_TOO_FAR,436856319,119.324,9355249241,728.793,640794429#1,8.108,normal,6036160339,9355249241,212.53,4,,real-point neighborhood; top2 usually pair seed; strategy=HOLD
LINK_153517,20,126.97691969839532,37.55773083606243,126.97595965750337,37.55848496388432,,,119.135,LOCATION_TOO_FAR,436856319,119.324,10727322978,6.649,1153422026#0,8.137,normal,10727322978,10727322977,88.35,5,,real-point neighborhood; top2 usually pair seed; strategy=HOLD
LINK_153517,20,126.97691969839532,37.55773083606243,126.97595965750337,37.55848496388432,,,119.135,LOCATION_TOO_FAR,436856319,119.324,10727322978,6.649,333557072#2,8.525,normal,10727322978,7669821053,205.26,6,,real-point neighborhood; top2 usually pair seed; strategy=HOLD
LINK_153517,20,126.97691969839532,37.55773083606243,126.97595965750337,37.55848496388432,,,119.135,LOCATION_TOO_FAR,436856319,119.324,5829710817,124.632,-218926712#0,9.094,normal,6697187414,5829710817,30.41,7,,real-point neighborhood; top2 usually pair seed; strategy=HOLD
LINK_153517,20,126.97691969839532,37.55773083606243,126.97595965750337,37.55848496388432,,,119.135,LOCATION_TOO_FAR,436856319,119.324,11449716078,26.275,619147739#4,19.036,normal,11449716078,5318242318,25.04,8,,real-point neighborhood; top2 usually pair seed; strategy=HOLD
NODE_21869,21,126.98024816582196,37.55973979809862,126.98195966481094,37.56049778663976,,,172.809,LOCATION_TOO_FAR,11203052960,158.518,8484958062,30.819,913405361,3.011,normal,8484958062,3053674659,136.73,1,1,real-point neighborhood; top2 usually pair seed; strategy=HOLD
NODE_21869,21,126.98024816582196,37.55973979809862,126.98195966481094,37.56049778663976,,,172.809,LOCATION_TOO_FAR,11203052960,158.518,8484958062,30.819,218915135#4,13.526,normal,8484958062,9357585533,198.77,2,1,real-point neighborhood; top2 usually pair seed; strategy=HOLD
NODE_21869,21,126.98024816582196,37.55973979809862,126.98195966481094,37.56049778663976,,,172.809,LOCATION_TOO_FAR,11203052960,158.518,9355249244,1073.26,178441449#3,17.931,normal,9355249244,9355249195,24.88,3,,real-point neighborhood; top2 usually pair seed; strategy=HOLD
NODE_21869,21,126.98024816582196,37.55973979809862,126.98195966481094,37.56049778663976,,,172.809,LOCATION_TOO_FAR,11203052960,158.518,6036160339,817.42,640794429#1,19.668,normal,6036160339,9355249241,212.53,4,,real-point neighborhood; top2 usually pair seed; strategy=HOLD
NODE_21869,21,126.98024816582196,37.55973979809862,126.98195966481094,37.56049778663976,,,172.809,LOCATION_TOO_FAR,11203052960,158.518,7300992880,49.597,921117704#0,28.155,normal,7300992880,7301015588,20.45,5,,real-point neighborhood; top2 usually pair seed; strategy=HOLD
NODE_21869,21,126.98024816582196,37.55973979809862,126.98195966481094,37.56049778663976,,,172.809,LOCATION_TOO_FAR,11203052960,158.518,9357585533,42.593,913406478,29.009,normal,3053674659,9357585533,258.45,6,,real-point neighborhood; top2 usually pair seed; strategy=HOLD
NODE_21869,21,126.98024816582196,37.55973979809862,126.98195966481094,37.56049778663976,,,172.809,LOCATION_TOO_FAR,11203052960,158.518,8484958062,30.819,218915135#3,30.684,normal,218915135#3-AddedOnRampNode,8484958062,199.64,7,,real-point neighborhood; top2 usually pair seed; strategy=HOLD
NODE_21869,21,126.98024816582196,37.55973979809862,126.98195966481094,37.56049778663976,,,172.809,LOCATION_TOO_FAR,11203052960,158.518,218915135#3-AddedOnRampNode,38.734,218915135#3-AddedOnRampEdge,37.75,normal,13459547978,218915135#3-AddedOnRampNode,212.44,8,,real-point neighborhood; top2 usually pair seed; strategy=HOLD
NODE_6425,22,126.980952454655,37.55478197888991,126.98209808402038,37.55225964125623,,,298.1,MANUAL_REVIEW_NEEDED,7265413652,66.57,10253014031,3.982,37399713#3,0.992,normal,10253014059,10253014031,35.74,1,1,real-point neighborhood; top2 usually pair seed; strategy=EXISTING_CROSSING_REMAP
NODE_6425,22,126.980952454655,37.55478197888991,126.98209808402038,37.55225964125623,,,298.1,MANUAL_REVIEW_NEEDED,7265413652,66.57,10253014031,3.982,1120976138#1,3.542,normal,10253014031,10253014030,277.76,2,1,real-point neighborhood; top2 usually pair seed; strategy=EXISTING_CROSSING_REMAP
NODE_6425,22,126.980952454655,37.55478197888991,126.98209808402038,37.55225964125623,,,298.1,MANUAL_REVIEW_NEEDED,7265413652,66.57,10253014030,5.189,1120976139#3,3.715,normal,2457731044,10253014030,20.52,3,,real-point neighborhood; top2 usually pair seed; strategy=EXISTING_CROSSING_REMAP
NODE_6425,22,126.980952454655,37.55478197888991,126.98209808402038,37.55225964125623,,,298.1,MANUAL_REVIEW_NEEDED,7265413652,66.57,10253014031,3.982,244399271#1,6.004,normal,10253014031,436830990,14.99,4,,real-point neighborhood; top2 usually pair seed; strategy=EXISTING_CROSSING_REMAP
NODE_6425,22,126.980952454655,37.55478197888991,126.98209808402038,37.55225964125623,,,298.1,MANUAL_REVIEW_NEEDED,7265413652,66.57,10253014031,3.982,1120976138#0,6.544,normal,10253014042,10253014031,279.22,5,,real-point neighborhood; top2 usually pair seed; strategy=EXISTING_CROSSING_REMAP
NODE_6425,22,126.980952454655,37.55478197888991,126.98209808402038,37.55225964125623,,,298.1,MANUAL_REVIEW_NEEDED,7265413652,66.57,10253014030,5.189,1120976139#4,7.025,normal,10253014030,10253014044,356.98,6,,real-point neighborhood; top2 usually pair seed; strategy=EXISTING_CROSSING_REMAP
NODE_6425,22,126.980952454655,37.55478197888991,126.98209808402038,37.55225964125623,,,298.1,MANUAL_REVIEW_NEEDED,7265413652,66.57,10253014042,12.825,428544129#7,12.253,normal,2457731072,10253014042,356.91,7,,real-point neighborhood; top2 usually pair seed; strategy=EXISTING_CROSSING_REMAP
NODE_6425,22,126.980952454655,37.55478197888991,126.98209808402038,37.55225964125623,,,298.1,MANUAL_REVIEW_NEEDED,7265413652,66.57,10253014042,12.825,428544129#8,13.695,normal,10253014042,10253014033,119.41,8,,real-point neighborhood; top2 usually pair seed; strategy=EXISTING_CROSSING_REMAP
NODE_10067,23,126.9801621512504,37.559428715703774,126.98193142986533,37.560224687045206,,,179.32,LOCATION_TOO_FAR,11203052960,179.929,7300992880,22.575,921117704#0,1.33,normal,7300992880,7301015588,20.45,1,1,real-point neighborhood; top2 usually pair seed; strategy=HOLD
NODE_10067,23,126.9801621512504,37.559428715703774,126.98193142986533,37.560224687045206,,,179.32,LOCATION_TOO_FAR,11203052960,179.929,6036160339,832.144,640794429#1,9.695,normal,6036160339,9355249241,212.53,2,1,real-point neighborhood; top2 usually pair seed; strategy=HOLD
NODE_10067,23,126.9801621512504,37.559428715703774,126.98193142986533,37.560224687045206,,,179.32,LOCATION_TOO_FAR,11203052960,179.929,9355249244,1042.147,178441449#3,11.085,normal,9355249244,9355249195,24.88,3,,real-point neighborhood; top2 usually pair seed; strategy=HOLD
NODE_10067,23,126.9801621512504,37.559428715703774,126.98193142986533,37.560224687045206,,,179.32,LOCATION_TOO_FAR,11203052960,179.929,7297194442,15.328,781586711#3,12.779,normal,7297194402,7297194442,83.19,4,,real-point neighborhood; top2 usually pair seed; strategy=HOLD
NODE_10067,23,126.9801621512504,37.559428715703774,126.98193142986533,37.560224687045206,,,179.32,LOCATION_TOO_FAR,11203052960,179.929,9357585533,25.532,218915135#4,16.316,normal,8484958062,9357585533,198.77,5,,real-point neighborhood; top2 usually pair seed; strategy=HOLD
NODE_10067,23,126.9801621512504,37.559428715703774,126.98193142986533,37.560224687045206,,,179.32,LOCATION_TOO_FAR,11203052960,179.929,7297194442,15.328,781586712#1,16.962,normal,7297194442,7297194402,263.19,6,,real-point neighborhood; top2 usually pair seed; strategy=HOLD
NODE_10067,23,126.9801621512504,37.559428715703774,126.98193142986533,37.560224687045206,,,179.32,LOCATION_TOO_FAR,11203052960,179.929,7297194442,15.328,781586711#1,16.994,normal,7297194442,7297194402,263.19,7,,real-point neighborhood; top2 usually pair seed; strategy=HOLD
NODE_10067,23,126.9801621512504,37.559428715703774,126.98193142986533,37.560224687045206,,,179.32,LOCATION_TOO_FAR,11203052960,179.929,7297194442,15.328,781586712#3,17.547,normal,7297194402,7297194442,83.19,8,,real-point neighborhood; top2 usually pair seed; strategy=HOLD
LINK_107613,25,126.98093374889024,37.55486436310108,126.98209808402038,37.55225964125623,,,307.281,MANUAL_REVIEW_NEEDED,7265413652,57.7,10253014042,4.35,1120976138#0,2.972,normal,10253014042,10253014031,279.22,1,1,real-point neighborhood; top2 usually pair seed; strategy=EXISTING_CROSSING_REMAP
LINK_107613,25,126.98093374889024,37.55486436310108,126.98209808402038,37.55225964125623,,,307.281,MANUAL_REVIEW_NEEDED,7265413652,57.7,10253014042,4.35,428544129#7,2.982,normal,2457731072,10253014042,356.91,2,1,real-point neighborhood; top2 usually pair seed; strategy=EXISTING_CROSSING_REMAP
LINK_107613,25,126.98093374889024,37.55486436310108,126.98209808402038,37.55225964125623,,,307.281,MANUAL_REVIEW_NEEDED,7265413652,57.7,10253014042,4.35,428544129#8,6.342,normal,10253014042,10253014033,119.41,3,,real-point neighborhood; top2 usually pair seed; strategy=EXISTING_CROSSING_REMAP
LINK_107613,25,126.98093374889024,37.55486436310108,126.98209808402038,37.55225964125623,,,307.281,MANUAL_REVIEW_NEEDED,7265413652,57.7,10253014031,7.313,37399713#3,8.277,normal,10253014059,10253014031,35.74,4,,real-point neighborhood; top2 usually pair seed; strategy=EXISTING_CROSSING_REMAP
LINK_107613,25,126.98093374889024,37.55486436310108,126.98209808402038,37.55225964125623,,,307.281,MANUAL_REVIEW_NEEDED,7265413652,57.7,10253014031,7.313,244399271#1,9.624,normal,10253014031,436830990,14.99,5,,real-point neighborhood; top2 usually pair seed; strategy=EXISTING_CROSSING_REMAP
LINK_107613,25,126.98093374889024,37.55486436310108,126.98209808402038,37.55225964125623,,,307.281,MANUAL_REVIEW_NEEDED,7265413652,57.7,10253014031,7.313,1120976138#1,11.696,normal,10253014031,10253014030,277.76,6,,real-point neighborhood; top2 usually pair seed; strategy=EXISTING_CROSSING_REMAP
LINK_107613,25,126.98093374889024,37.55486436310108,126.98209808402038,37.55225964125623,,,307.281,MANUAL_REVIEW_NEEDED,7265413652,57.7,10253014030,13.926,1120976139#3,12.952,normal,2457731044,10253014030,20.52,7,,real-point neighborhood; top2 usually pair seed; strategy=EXISTING_CROSSING_REMAP
LINK_107613,25,126.98093374889024,37.55486436310108,126.98209808402038,37.55225964125623,,,307.281,MANUAL_REVIEW_NEEDED,7265413652,57.7,10253014030,13.926,1120976139#4,14.988,normal,10253014030,10253014044,356.98,8,,real-point neighborhood; top2 usually pair seed; strategy=EXISTING_CROSSING_REMAP
NODE_8382,26,127.01064681840046,37.55448671961763,127.01140630992415,37.553830883675815,,,98.998,MANUAL_REVIEW_NEEDED,1936511299,106.638,436868241,1790.141,469657938#1,7.454,normal,436868241,355173400,63.44,1,1,real-point neighborhood; top2 usually pair seed; strategy=EXISTING_CROSSING_REMAP
NODE_8382,26,127.01064681840046,37.55448671961763,127.01140630992415,37.553830883675815,,,98.998,MANUAL_REVIEW_NEEDED,1936511299,106.638,3846603515,22.807,913718470,9.247,normal,3846603515,8487771037,353.57,2,1,real-point neighborhood; top2 usually pair seed; strategy=EXISTING_CROSSING_REMAP
NODE_8382,26,127.01064681840046,37.55448671961763,127.01140630992415,37.553830883675815,,,98.998,MANUAL_REVIEW_NEEDED,1936511299,106.638,3849142982,17.238,-519097168#4,12.146,normal,1936511305,3849142982,303.49,3,,real-point neighborhood; top2 usually pair seed; strategy=EXISTING_CROSSING_REMAP
NODE_8382,26,127.01064681840046,37.55448671961763,127.01140630992415,37.553830883675815,,,98.998,MANUAL_REVIEW_NEEDED,1936511299,106.638,8793759530,1317.346,1262614123#2,12.204,normal,8793759530,4089815452,305.57,4,,real-point neighborhood; top2 usually pair seed; strategy=EXISTING_CROSSING_REMAP
NODE_8382,26,127.01064681840046,37.55448671961763,127.01140630992415,37.553830883675815,,,98.998,MANUAL_REVIEW_NEEDED,1936511299,106.638,3846603515,22.807,-218910324#0,13.553,normal,3846603515,1936511305,64.79,5,,real-point neighborhood; top2 usually pair seed; strategy=EXISTING_CROSSING_REMAP
NODE_8382,26,127.01064681840046,37.55448671961763,127.01140630992415,37.553830883675815,,,98.998,MANUAL_REVIEW_NEEDED,1936511299,106.638,3849142982,17.238,-519097168#3,16.71,normal,3849142982,8487771037,300.9,6,,real-point neighborhood; top2 usually pair seed; strategy=EXISTING_CROSSING_REMAP
NODE_8382,26,127.01064681840046,37.55448671961763,127.01140630992415,37.553830883675815,,,98.998,MANUAL_REVIEW_NEEDED,1936511299,106.638,3846603515,22.807,218910324#0,19.35,normal,1936511305,3846603515,244.79,7,,real-point neighborhood; top2 usually pair seed; strategy=EXISTING_CROSSING_REMAP
NODE_8382,26,127.01064681840046,37.55448671961763,127.01140630992415,37.553830883675815,,,98.998,MANUAL_REVIEW_NEEDED,1936511299,106.638,6041674976,3899.398,1259307343,19.485,normal,6041674976,6041675047,213.32,8,,real-point neighborhood; top2 usually pair seed; strategy=EXISTING_CROSSING_REMAP
NODE_8431,27,127.0103895931613,37.55483574401509,127.01140630992415,37.553830883675815,,,143.24,MANUAL_REVIEW_NEEDED,1936511299,150.89,1936511305,20.371,218681380#7,9.902,normal,3846603560,1936511305,298.53,1,1,real-point neighborhood; top2 usually pair seed; strategy=EXISTING_CROSSING_REMAP
NODE_8431,27,127.0103895931613,37.55483574401509,127.01140630992415,37.553830883675815,,,143.24,MANUAL_REVIEW_NEEDED,1936511299,150.89,8793759530,1279.504,1262614123#2,10.653,normal,8793759530,4089815452,305.57,2,1,real-point neighborhood; top2 usually pair seed; strategy=EXISTING_CROSSING_REMAP
NODE_8431,27,127.0103895931613,37.55483574401509,127.01140630992415,37.553830883675815,,,143.24,MANUAL_REVIEW_NEEDED,1936511299,150.89,3846603560,24.439,-381458583#0,15.257,normal,3846603531,3846603560,45.41,3,,real-point neighborhood; top2 usually pair seed; strategy=EXISTING_CROSSING_REMAP
NODE_8431,27,127.0103895931613,37.55483574401509,127.01140630992415,37.553830883675815,,,143.24,MANUAL_REVIEW_NEEDED,1936511299,150.89,6041674976,3874.101,1259307343,16.831,normal,6041674976,6041675047,213.32,4,,real-point neighborhood; top2 usually pair seed; strategy=EXISTING_CROSSING_REMAP
NODE_8431,27,127.0103895931613,37.55483574401509,127.01140630992415,37.553830883675815,,,143.24,MANUAL_REVIEW_NEEDED,1936511299,150.89,9355249198,1239.313,1262614122#3,18.17,normal,9355249198,6033544588,305.16,5,,real-point neighborhood; top2 usually pair seed; strategy=EXISTING_CROSSING_REMAP
NODE_8431,27,127.0103895931613,37.55483574401509,127.01140630992415,37.553830883675815,,,143.24,MANUAL_REVIEW_NEEDED,1936511299,150.89,1936511305,20.371,-218681380#7,19.5,normal,1936511305,3846603560,118.53,6,,real-point neighborhood; top2 usually pair seed; strategy=EXISTING_CROSSING_REMAP
NODE_8431,27,127.0103895931613,37.55483574401509,127.01140630992415,37.553830883675815,,,143.24,MANUAL_REVIEW_NEEDED,1936511299,150.89,1936511305,20.371,218910324#0,20.65,normal,1936511305,3846603515,244.79,7,,real-point neighborhood; top2 usually pair seed; strategy=EXISTING_CROSSING_REMAP
NODE_8431,27,127.0103895931613,37.55483574401509,127.01140630992415,37.553830883675815,,,143.24,MANUAL_REVIEW_NEEDED,1936511299,150.89,3846603560,24.439,381458583#0,21.058,normal,3846603560,3846603531,225.41,8,,real-point neighborhood; top2 usually pair seed; strategy=EXISTING_CROSSING_REMAP
NODE_10333,29,126.97693958921292,37.55766756201086,126.97595965750337,37.55848496388432,,,125.39,LOCATION_TOO_FAR,436856319,125.567,5829710817,127.269,218926712#0,0.01,normal,5829710817,6697187414,210.41,1,1,real-point neighborhood; top2 usually pair seed; strategy=HOLD
NODE_10333,29,126.97693958921292,37.55766756201086,126.97595965750337,37.55848496388432,,,125.39,LOCATION_TOO_FAR,436856319,125.567,9355249244,712.629,178441449#3,0.766,normal,9355249244,9355249195,24.88,2,1,real-point neighborhood; top2 usually pair seed; strategy=HOLD
NODE_10333,29,126.97693958921292,37.55766756201086,126.97595965750337,37.55848496388432,,,125.39,LOCATION_TOO_FAR,436856319,125.567,9355249241,723.833,640794429#1,1.025,normal,6036160339,9355249241,212.53,3,,real-point neighborhood; top2 usually pair seed; strategy=HOLD
NODE_10333,29,126.97693958921292,37.55766756201086,126.97595965750337,37.55848496388432,,,125.39,LOCATION_TOO_FAR,436856319,125.567,5829710817,127.269,-218926712#0,2.012,normal,6697187414,5829710817,30.41,4,,real-point neighborhood; top2 usually pair seed; strategy=HOLD
NODE_10333,29,126.97693958921292,37.55766756201086,126.97595965750337,37.55848496388432,,,125.39,LOCATION_TOO_FAR,436856319,125.567,10727322978,9.054,333557072#1,9.289,normal,5318242317,10727322978,207.2,5,,real-point neighborhood; top2 usually pair seed; strategy=HOLD
NODE_10333,29,126.97693958921292,37.55766756201086,126.97595965750337,37.55848496388432,,,125.39,LOCATION_TOO_FAR,436856319,125.567,10727322978,9.054,333557072#2,11.248,normal,10727322978,7669821053,205.26,6,,real-point neighborhood; top2 usually pair seed; strategy=HOLD
NODE_10333,29,126.97693958921292,37.55766756201086,126.97595965750337,37.55848496388432,,,125.39,LOCATION_TOO_FAR,436856319,125.567,11449716078,20.877,619147739#4,11.961,normal,11449716078,5318242318,25.04,7,,real-point neighborhood; top2 usually pair seed; strategy=HOLD
NODE_10333,29,126.97693958921292,37.55766756201086,126.97595965750337,37.55848496388432,,,125.39,LOCATION_TOO_FAR,436856319,125.567,10727322978,9.054,1153422026#0,14.698,normal,10727322978,10727322977,88.35,8,,real-point neighborhood; top2 usually pair seed; strategy=HOLD
NODE_6153,32,126.97689980757774,37.55779411011401,126.97595965750337,37.55848496388432,,,113.0,LOCATION_TOO_FAR,436856319,113.201,10727322978,10.548,1153422026#0,4.303,normal,10727322978,10727322977,88.35,1,1,real-point neighborhood; top2 usually pair seed; strategy=HOLD
NODE_6153,32,126.97689980757774,37.55779411011401,126.97595965750337,37.55848496388432,,,113.0,LOCATION_TOO_FAR,436856319,113.201,10727322978,10.548,333557072#1,4.761,normal,5318242317,10727322978,207.2,2,1,real-point neighborhood; top2 usually pair seed; strategy=HOLD
NODE_6153,32,126.97689980757774,37.55779411011401,126.97595965750337,37.55848496388432,,,113.0,LOCATION_TOO_FAR,436856319,113.201,10727322978,10.548,333557072#2,11.119,normal,10727322978,7669821053,205.26,3,,real-point neighborhood; top2 usually pair seed; strategy=HOLD
NODE_6153,32,126.97689980757774,37.55779411011401,126.97595965750337,37.55848496388432,,,113.0,LOCATION_TOO_FAR,436856319,113.201,9355249244,722.325,178441449#3,13.399,normal,9355249244,9355249195,24.88,4,,real-point neighborhood; top2 usually pair seed; strategy=HOLD
NODE_6153,32,126.97689980757774,37.55779411011401,126.97595965750337,37.55848496388432,,,113.0,LOCATION_TOO_FAR,436856319,113.201,5829710817,122.366,218926712#0,14.175,normal,5829710817,6697187414,210.41,5,,real-point neighborhood; top2 usually pair seed; strategy=HOLD
NODE_6153,32,126.97689980757774,37.55779411011401,126.97595965750337,37.55848496388432,,,113.0,LOCATION_TOO_FAR,436856319,113.201,9355249241,733.791,640794429#1,15.191,normal,6036160339,9355249241,212.53,6,,real-point neighborhood; top2 usually pair seed; strategy=HOLD
NODE_6153,32,126.97689980757774,37.55779411011401,126.97595965750337,37.55848496388432,,,113.0,LOCATION_TOO_FAR,436856319,113.201,5829710817,122.366,-218926712#0,16.177,normal,6697187414,5829710817,30.41,7,,real-point neighborhood; top2 usually pair seed; strategy=HOLD
NODE_6153,32,126.97689980757774,37.55779411011401,126.97595965750337,37.55848496388432,,,113.0,LOCATION_TOO_FAR,436856319,113.201,5318242317,21.778,78503346#0,25.91,normal,5318242317,10712099893,83.13,8,,real-point neighborhood; top2 usually pair seed; strategy=HOLD
NODE_6212,40,126.97719353022268,37.55614070184521,126.97705096983456,37.55497457251396,126.977248,37.556324,130.275,LOCATION_TOO_FAR,11059693772,116.881,11225387918,16.767,1211635927#1,2.456,normal,7403928061,11225387918,310.23,1,1,real-point neighborhood; top2 usually pair seed; strategy=HOLD
NODE_6212,40,126.97719353022268,37.55614070184521,126.97705096983456,37.55497457251396,126.977248,37.556324,130.275,LOCATION_TOO_FAR,11059693772,116.881,7403928061,17.02,318747848#2,8.673,normal,7403928061,3217912758,30.94,2,1,real-point neighborhood; top2 usually pair seed; strategy=HOLD
NODE_6212,40,126.97719353022268,37.55614070184521,126.97705096983456,37.55497457251396,126.977248,37.556324,130.275,LOCATION_TOO_FAR,11059693772,116.881,7403928061,17.02,-318747848#2,14.473,normal,3217912758,7403928061,210.94,3,,real-point neighborhood; top2 usually pair seed; strategy=HOLD
NODE_6212,40,126.97719353022268,37.55614070184521,126.97705096983456,37.55497457251396,126.977248,37.556324,130.275,LOCATION_TOO_FAR,11059693772,116.881,11225387918,16.767,773060732#3,14.977,normal,7265413648,11225387918,165.73,4,,real-point neighborhood; top2 usually pair seed; strategy=HOLD
NODE_6212,40,126.97719353022268,37.55614070184521,126.97705096983456,37.55497457251396,126.977248,37.556324,130.275,LOCATION_TOO_FAR,11059693772,116.881,7403928061,17.02,318747848#1,16.348,normal,7259737812,7403928061,30.18,5,,real-point neighborhood; top2 usually pair seed; strategy=HOLD
NODE_6212,40,126.97719353022268,37.55614070184521,126.97705096983456,37.55497457251396,126.977248,37.556324,130.275,LOCATION_TOO_FAR,11059693772,116.881,11225387918,16.767,773060732#4,16.375,normal,11225387918,7259737813,195.45,6,,real-point neighborhood; top2 usually pair seed; strategy=HOLD
NODE_6212,40,126.97719353022268,37.55614070184521,126.97705096983456,37.55497457251396,126.977248,37.556324,130.275,LOCATION_TOO_FAR,11059693772,116.881,7259737812,21.939,777881144#0,18.494,normal,7259737813,7259737812,114.42,7,,real-point neighborhood; top2 usually pair seed; strategy=HOLD
NODE_6212,40,126.97719353022268,37.55614070184521,126.97705096983456,37.55497457251396,126.977248,37.556324,130.275,LOCATION_TOO_FAR,11059693772,116.881,11225387918,16.767,1211635925#1,19.849,normal,11225387918,4276317198,283.96,8,,real-point neighborhood; top2 usually pair seed; strategy=HOLD
LINK_22103,48,126.98009887303236,37.559554574319264,126.98193142986533,37.560224687045206,,,177.89,LOCATION_TOO_FAR,11203052960,178.544,9357585533,20.392,218915135#4,1.278,normal,8484958062,9357585533,198.77,1,1,real-point neighborhood; top2 usually pair seed; strategy=HOLD
LINK_22103,48,126.98009887303236,37.559554574319264,126.98193142986533,37.560224687045206,,,177.89,LOCATION_TOO_FAR,11203052960,178.544,9355249244,1049.056,178441449#3,3.96,normal,9355249244,9355249195,24.88,2,1,real-point neighborhood; top2 usually pair seed; strategy=HOLD
LINK_22103,48,126.98009887303236,37.559554574319264,126.98193142986533,37.560224687045206,,,177.89,LOCATION_TOO_FAR,11203052960,178.544,6036160339,834.502,640794429#1,5.351,normal,6036160339,9355249241,212.53,3,,real-point neighborhood; top2 usually pair seed; strategy=HOLD
LINK_22103,48,126.98009887303236,37.559554574319264,126.98193142986533,37.560224687045206,,,177.89,LOCATION_TOO_FAR,11203052960,178.544,7300992880,25.281,921117704#0,13.715,normal,7300992880,7301015588,20.45,4,,real-point neighborhood; top2 usually pair seed; strategy=HOLD
LINK_22103,48,126.98009887303236,37.559554574319264,126.98193142986533,37.560224687045206,,,177.89,LOCATION_TOO_FAR,11203052960,178.544,9357585533,20.392,218915135#5,19.059,normal,9357585533,10864285557,198.15,5,,real-point neighborhood; top2 usually pair seed; strategy=HOLD
LINK_22103,48,126.98009887303236,37.559554574319264,126.98193142986533,37.560224687045206,,,177.89,LOCATION_TOO_FAR,11203052960,178.544,9357585533,20.392,913406478,19.23,normal,3053674659,9357585533,258.45,6,,real-point neighborhood; top2 usually pair seed; strategy=HOLD
LINK_22103,48,126.98009887303236,37.559554574319264,126.98193142986533,37.560224687045206,,,177.89,LOCATION_TOO_FAR,11203052960,178.544,10864285557,21.644,-913409138,19.519,normal,7300992880,10864285557,107.28,7,,real-point neighborhood; top2 usually pair seed; strategy=HOLD
LINK_22103,48,126.98009887303236,37.559554574319264,126.98193142986533,37.560224687045206,,,177.89,LOCATION_TOO_FAR,11203052960,178.544,8484958062,46.277,913405361,21.268,normal,8484958062,3053674659,136.73,8,,real-point neighborhood; top2 usually pair seed; strategy=HOLD
NODE_5938,49,126.97689701422458,37.56684067381058,126.9769693291261,37.566637556874426,,,23.468,MANUAL_REVIEW_NEEDED,5851251266,29.77,5318244926,4.87,1230789311,0.297,normal,11414286288,5318244926,168.93,1,1,real-point neighborhood; top2 usually pair seed; strategy=EXISTING_CROSSING_REMAP
NODE_5938,49,126.97689701422458,37.56684067381058,126.9769693291261,37.566637556874426,,,23.468,MANUAL_REVIEW_NEEDED,5851251266,29.77,11414286288,5.093,1415923126#3,3.979,normal,11414286298,11414286288,271.84,2,1,real-point neighborhood; top2 usually pair seed; strategy=EXISTING_CROSSING_REMAP
NODE_5938,49,126.97689701422458,37.56684067381058,126.9769693291261,37.566637556874426,,,23.468,MANUAL_REVIEW_NEEDED,5851251266,29.77,11414286288,5.093,1415923126#4,4.836,normal,11414286288,13012013153,259.03,3,,real-point neighborhood; top2 usually pair seed; strategy=EXISTING_CROSSING_REMAP
NODE_5938,49,126.97689701422458,37.56684067381058,126.9769693291261,37.566637556874426,,,23.468,MANUAL_REVIEW_NEEDED,5851251266,29.77,13012013153,17.455,1415923121#1,5.375,normal,13012013153,13721232750,87.4,4,,real-point neighborhood; top2 usually pair seed; strategy=EXISTING_CROSSING_REMAP
NODE_5938,49,126.97689701422458,37.56684067381058,126.9769693291261,37.566637556874426,,,23.468,MANUAL_REVIEW_NEEDED,5851251266,29.77,11414286288,5.093,-1415923126#3,5.95,normal,11414286288,11414286298,91.84,5,,real-point neighborhood; top2 usually pair seed; strategy=EXISTING_CROSSING_REMAP
NODE_5938,49,126.97689701422458,37.56684067381058,126.9769693291261,37.566637556874426,,,23.468,MANUAL_REVIEW_NEEDED,5851251266,29.77,11414286298,5.701,1230789306#4,6.326,normal,5194567167,11414286298,178.49,6,,real-point neighborhood; top2 usually pair seed; strategy=EXISTING_CROSSING_REMAP
NODE_5938,49,126.97689701422458,37.56684067381058,126.9769693291261,37.566637556874426,,,23.468,MANUAL_REVIEW_NEEDED,5851251266,29.77,11414286298,5.701,1415923126#2,6.599,normal,13721232750,11414286298,271.63,7,,real-point neighborhood; top2 usually pair seed; strategy=EXISTING_CROSSING_REMAP
NODE_5938,49,126.97689701422458,37.56684067381058,126.9769693291261,37.566637556874426,,,23.468,MANUAL_REVIEW_NEEDED,5851251266,29.77,11414286288,5.093,-1415923126#4,6.618,normal,13012013153,11414286288,79.03,8,,real-point neighborhood; top2 usually pair seed; strategy=EXISTING_CROSSING_REMAP
