crosswalk_id,original_rank,current_status,real_lon,real_lat,current_sumo_lon,current_sumo_lat,mapping_distance_m,location_verified,crossing_exists,tls_connected,ped_link_index_available,pedestrian_only_phase_available,smart_smoke_success,baseline_smoke_success,target_recovery_group,recommended_action,reason
NODE_8426,4,RESULT_OK_BUT_LOCATION_BAD,127.010956,37.554733,127.011406,37.553831,107.854,False,True,True,True,False,True,True,location_repair_or_generated_signal_net_v1,repair_real_location_or_try_generated_crossing_signal,location review needed before smoke
NODE_74388,8,RESULT_OK_BUT_LOCATION_BAD,126.974071,37.553951,126.973365,37.554406,80.194,False,True,True,True,True,True,True,location_repair_or_generated_signal_net_v1,repair_real_location_or_try_generated_crossing_signal,ready candidate but location is BAD
NODE_5830,10,RESULT_OK_BUT_LOCATION_REVIEW,126.973732,37.558791,126.974036,37.558755,27.172,False,True,True,True,True,True,True,location_repair_or_generated_signal_net_v1,repair_real_location_or_try_generated_crossing_signal,signal ready but location review needed
NODE_6425,22,RESULT_OK_BUT_LOCATION_BAD,126.980952,37.554782,126.982098,37.55226,298.1,False,True,True,True,False,True,True,location_repair_or_generated_signal_net_v1,repair_real_location_or_try_generated_crossing_signal,location review needed before smoke
LINK_107613,25,RESULT_OK_BUT_LOCATION_BAD,126.980934,37.554864,126.982098,37.55226,307.281,False,True,True,True,False,True,True,location_repair_or_generated_signal_net_v1,repair_real_location_or_try_generated_crossing_signal,location review needed before smoke
NODE_8382,26,RESULT_OK_BUT_LOCATION_BAD,127.010647,37.554487,127.011406,37.553831,98.998,False,True,True,True,False,True,True,location_repair_or_generated_signal_net_v1,repair_real_location_or_try_generated_crossing_signal,location review needed before smoke
NODE_8431,27,RESULT_OK_BUT_LOCATION_BAD,127.01039,37.554836,127.011406,37.553831,143.24,False,True,True,True,False,True,True,location_repair_or_generated_signal_net_v1,repair_real_location_or_try_generated_crossing_signal,location review needed before smoke
NODE_8452,47,RESULT_OK_BUT_LOCATION_BAD,127.009042,37.556655,127.011406,37.553831,376.937,False,True,True,True,False,True,True,location_repair_or_generated_signal_net_v1,repair_real_location_or_try_generated_crossing_signal,location review needed before smoke
NODE_5938,49,RESULT_OK_BUT_LOCATION_REVIEW,126.976897,37.566841,126.976969,37.566638,23.468,False,True,True,True,False,True,True,location_repair_or_generated_signal_net_v1,repair_real_location_or_try_generated_crossing_signal,location review needed before smoke
