run_name,crosswalk_id,scenario,seed,output_dir,run_start_time,run_end_time,elapsed_sec,completed,sim_duration,warmup,step_length,tls_id_used,ped_link_index,crossing_edge_id,route_from_edge,route_to_edge,step_count,ped_crossing_presence_steps,ped_crossing_person_count,pedestrian_crossing_count,expected_ped_repeat_count,ped_repeat_count_match,pedestrian_clearance_failure_count,unfinished_crossing_count,ped_wait_time_mean,ped_wait_time_max,veh_delay_mean,veh_delay_max,extension_count,generated_vehicle_count,vehicle_route_count,unique_vehicle_route_count,duplicate_factor,unique_vehicle_route_ratio,used_vehicle_edges,network_arrived_vehicles,network_departed_vehicles,network_mean_travel_time,network_mean_time_loss,network_avg_delay_sec,network_vehicle_edge_coverage_ratio,network_teleport_count,network_collision_count,local_500m_vehicle_count,local_500m_mean_speed,local_500m_mean_time_loss,local_500m_avg_delay_sec,local_500m_queue_proxy,local_500m_stop_count,total_vehicle_arrivals,generated_vehicle_route_file,vehicle_route_sha256,pedestrian_route_file,pedestrian_route_sha256,net_sha256,surrounding_lane_count,vehicle_bbox_coverage,batch_network_file,route_reason,pet_source,pet_event_count,very_risky_crossing_count,risky_crossing_count,safe_crossing_count,low_pet_event_count,low_pet_per_100_crossings,low_pet_per_100_conflict_candidates,pet_min,pet_p10,pet_mean,pet_available,pet_coverage_ratio,pet_unavailable_reason,accident_risk_estimate
phase6_smoke_smart_seed30,LINK_249048,smart,30,/Users/iseclient1/sumo-simulation/outputs/final/debug/work/signal_fix_9/baseline/seed30,2026-05-19T23:27:35+00:00,2026-05-19T23:50:47+00:00,1392.23,True,600,0,0.1,5161705573,2,:5161705573_c0,585341916#4,218926711#4,6000,347,10,10,5,False,0,0,0.0,0.0,40.52,100.0,1,9,3480,3480,1.0,1.0,16567,880,3467,,,,0.5775438291208074,0,0,725,5.5221504953662714,144.49520986765137,41.0970778267254,59.91803278688525,700,3467,/Users/iseclient1/sumo-simulation/outputs/final/debug/work/signal_fix_9/baseline/seed30/demand_vehicle.rou.xml,4da37416caa7357a75bf4cc49f0a0697e01619f15e1f86e3fbf5734ffda311fc,/Users/iseclient1/sumo-simulation/outputs/final/debug/work/signal_fix_9/baseline/seed30/demand_pedestrian.rou.xml,aa31a745c4ad874a760b3e4ca0f4e241fde51446b883af9945492e47bdba3482,538eeae555f9ff4fa718bda1b78d481d80a7d93e72742324c7998130c7d3a8c5,173,1.0,/Users/iseclient1/sumo-simulation/result/active/nets/signal_fix_9.net.xml,from_nearest_road_edge_to_other_incident_edge,local_watcher,10,2,2,6,4,40.0,44.44444444444444,0.0,0.17999999999998978,4.369999999999995,True,1.0,,0.3
phase6_smoke_smart_seed30,NODE_5837,smart,30,/Users/iseclient1/sumo-simulation/outputs/final/debug/work/signal_fix_9/baseline/seed30,2026-05-19T23:27:35+00:00,2026-05-19T23:50:47+00:00,1392.23,True,600,0,0.1,5161705573,2,:5161705573_c0,585341916#4,218926711#4,6000,347,10,10,5,False,0,0,,,40.52,100.0,1,9,3480,3480,1.0,1.0,16567,880,3467,,,,0.5775438291208074,0,0,725,5.5221504953662714,144.49520986765137,41.0970778267254,59.91803278688525,700,3467,/Users/iseclient1/sumo-simulation/outputs/final/debug/work/signal_fix_9/baseline/seed30/demand_vehicle.rou.xml,4da37416caa7357a75bf4cc49f0a0697e01619f15e1f86e3fbf5734ffda311fc,/Users/iseclient1/sumo-simulation/outputs/final/debug/work/signal_fix_9/baseline/seed30/demand_pedestrian.rou.xml,aa31a745c4ad874a760b3e4ca0f4e241fde51446b883af9945492e47bdba3482,538eeae555f9ff4fa718bda1b78d481d80a7d93e72742324c7998130c7d3a8c5,173,1.0,/Users/iseclient1/sumo-simulation/result/active/nets/signal_fix_9.net.xml,from_nearest_road_edge_to_other_incident_edge,local_watcher,10,2,2,6,4,40.0,44.44444444444444,0.0,0.17999999999998978,4.369999999999995,True,1.0,,0.3
phase6_smoke_smart_seed30,LINK_10218,smart,30,/Users/iseclient1/sumo-simulation/outputs/final/debug/work/signal_fix_9/baseline/seed30,2026-05-19T23:27:35+00:00,2026-05-19T23:50:47+00:00,1392.23,True,600,0,0.1,11139418715,2,:11139418715_c0,1201492608#1,183272312#1,6000,188,15,15,5,False,0,0,0.0,0.0,52.73,100.0,1,9,3480,3480,1.0,1.0,16567,880,3467,,,,0.5775438291208074,0,0,623,3.4125455364411255,150.7071547050629,53.39283505154639,87.63934426229508,727,3467,/Users/iseclient1/sumo-simulation/outputs/final/debug/work/signal_fix_9/baseline/seed30/demand_vehicle.rou.xml,4da37416caa7357a75bf4cc49f0a0697e01619f15e1f86e3fbf5734ffda311fc,/Users/iseclient1/sumo-simulation/outputs/final/debug/work/signal_fix_9/baseline/seed30/demand_pedestrian.rou.xml,aa31a745c4ad874a760b3e4ca0f4e241fde51446b883af9945492e47bdba3482,538eeae555f9ff4fa718bda1b78d481d80a7d93e72742324c7998130c7d3a8c5,173,1.0,/Users/iseclient1/sumo-simulation/result/active/nets/signal_fix_9.net.xml,from_nearest_road_edge_to_other_incident_edge,local_watcher,15,15,0,0,15,100.0,55.55555555555556,0.0,0.0,0.0,True,1.0,,1.0
phase6_smoke_smart_seed30,LINK_140740,smart,30,/Users/iseclient1/sumo-simulation/outputs/final/debug/work/signal_fix_9/baseline/seed30,2026-05-19T23:27:35+00:00,2026-05-19T23:50:47+00:00,1392.23,True,600,0,0.1,11139418715,2,:11139418715_c0,1201492608#1,183272312#1,6000,188,15,15,5,False,0,0,,,52.73,100.0,1,9,3480,3480,1.0,1.0,16567,880,3467,,,,0.5775438291208074,0,0,623,3.4125455364411255,150.7071547050629,53.39283505154639,87.63934426229508,727,3467,/Users/iseclient1/sumo-simulation/outputs/final/debug/work/signal_fix_9/baseline/seed30/demand_vehicle.rou.xml,4da37416caa7357a75bf4cc49f0a0697e01619f15e1f86e3fbf5734ffda311fc,/Users/iseclient1/sumo-simulation/outputs/final/debug/work/signal_fix_9/baseline/seed30/demand_pedestrian.rou.xml,aa31a745c4ad874a760b3e4ca0f4e241fde51446b883af9945492e47bdba3482,538eeae555f9ff4fa718bda1b78d481d80a7d93e72742324c7998130c7d3a8c5,173,1.0,/Users/iseclient1/sumo-simulation/result/active/nets/signal_fix_9.net.xml,from_nearest_road_edge_to_other_incident_edge,local_watcher,15,15,0,0,15,100.0,55.55555555555556,0.0,0.0,0.0,True,1.0,,1.0
phase6_smoke_smart_seed30,NODE_9634,smart,30,/Users/iseclient1/sumo-simulation/outputs/final/debug/work/signal_fix_9/baseline/seed30,2026-05-19T23:27:35+00:00,2026-05-19T23:50:47+00:00,1392.23,True,600,0,0.1,10974501473,4,:10974501473_c0,1461316096#1,333969025#1,6000,297,5,5,5,True,0,0,0.0,0.0,28.87,100.0,1,9,3480,3480,1.0,1.0,16567,880,3467,,,,0.5775438291208074,0,0,395,7.878068587540639,85.79101365365715,29.08246294989414,19.62295081967213,354,3467,/Users/iseclient1/sumo-simulation/outputs/final/debug/work/signal_fix_9/baseline/seed30/demand_vehicle.rou.xml,4da37416caa7357a75bf4cc49f0a0697e01619f15e1f86e3fbf5734ffda311fc,/Users/iseclient1/sumo-simulation/outputs/final/debug/work/signal_fix_9/baseline/seed30/demand_pedestrian.rou.xml,aa31a745c4ad874a760b3e4ca0f4e241fde51446b883af9945492e47bdba3482,538eeae555f9ff4fa718bda1b78d481d80a7d93e72742324c7998130c7d3a8c5,173,1.0,/Users/iseclient1/sumo-simulation/result/active/nets/signal_fix_9.net.xml,from_nearest_road_edge_to_other_incident_edge,local_watcher,5,5,0,0,5,100.0,35.714285714285715,0.0,0.0,0.0,True,1.0,,1.0
phase6_smoke_smart_seed30,LINK_194891,smart,30,/Users/iseclient1/sumo-simulation/outputs/final/debug/work/signal_fix_9/baseline/seed30,2026-05-19T23:27:35+00:00,2026-05-19T23:50:47+00:00,1392.23,True,600,0,0.1,11203052965,11,:11203052965_c0,781985788#1,-781985788#1,6000,494,5,5,5,True,0,0,0.0,0.0,16.49,100.0,1,9,3480,3480,1.0,1.0,16567,880,3467,,,,0.5775438291208074,0,0,464,8.499018790512691,122.68543923234049,17.113503759398498,14.147540983606557,418,3467,/Users/iseclient1/sumo-simulation/outputs/final/debug/work/signal_fix_9/baseline/seed30/demand_vehicle.rou.xml,4da37416caa7357a75bf4cc49f0a0697e01619f15e1f86e3fbf5734ffda311fc,/Users/iseclient1/sumo-simulation/outputs/final/debug/work/signal_fix_9/baseline/seed30/demand_pedestrian.rou.xml,aa31a745c4ad874a760b3e4ca0f4e241fde51446b883af9945492e47bdba3482,538eeae555f9ff4fa718bda1b78d481d80a7d93e72742324c7998130c7d3a8c5,173,1.0,/Users/iseclient1/sumo-simulation/result/active/nets/signal_fix_9.net.xml,from_nearest_road_edge_to_other_incident_edge,local_watcher,5,5,0,0,5,100.0,22.727272727272727,0.0,0.0,0.0,True,1.0,,1.0
phase6_smoke_smart_seed30,NODE_10378,smart,30,/Users/iseclient1/sumo-simulation/outputs/final/debug/work/signal_fix_9/baseline/seed30,2026-05-19T23:27:35+00:00,2026-05-19T23:50:47+00:00,1392.23,True,600,0,0.1,11139418715,2,:11139418715_c0,1201492608#1,183272312#1,6000,188,15,15,5,False,0,0,,,52.73,100.0,1,9,3480,3480,1.0,1.0,16567,880,3467,,,,0.5775438291208074,0,0,623,3.4125455364411255,150.7071547050629,53.39283505154639,87.63934426229508,727,3467,/Users/iseclient1/sumo-simulation/outputs/final/debug/work/signal_fix_9/baseline/seed30/demand_vehicle.rou.xml,4da37416caa7357a75bf4cc49f0a0697e01619f15e1f86e3fbf5734ffda311fc,/Users/iseclient1/sumo-simulation/outputs/final/debug/work/signal_fix_9/baseline/seed30/demand_pedestrian.rou.xml,aa31a745c4ad874a760b3e4ca0f4e241fde51446b883af9945492e47bdba3482,538eeae555f9ff4fa718bda1b78d481d80a7d93e72742324c7998130c7d3a8c5,173,1.0,/Users/iseclient1/sumo-simulation/result/active/nets/signal_fix_9.net.xml,from_nearest_road_edge_to_other_incident_edge,local_watcher,15,15,0,0,15,100.0,55.55555555555556,0.0,0.0,0.0,True,1.0,,1.0
phase6_smoke_smart_seed30,NODE_5681,smart,30,/Users/iseclient1/sumo-simulation/outputs/final/debug/work/signal_fix_9/baseline/seed30,2026-05-19T23:27:35+00:00,2026-05-19T23:50:47+00:00,1392.23,True,600,0,0.1,11139418723,2,:11139418723_c0,1201492610#1,183272312#3,6000,227,5,5,5,True,0,0,0.0,0.0,53.4,100.0,1,9,3480,3480,1.0,1.0,16567,880,3467,,,,0.5775438291208074,0,0,647,3.3044993753533625,151.33055574042342,54.07267965895249,94.18032786885246,757,3467,/Users/iseclient1/sumo-simulation/outputs/final/debug/work/signal_fix_9/baseline/seed30/demand_vehicle.rou.xml,4da37416caa7357a75bf4cc49f0a0697e01619f15e1f86e3fbf5734ffda311fc,/Users/iseclient1/sumo-simulation/outputs/final/debug/work/signal_fix_9/baseline/seed30/demand_pedestrian.rou.xml,aa31a745c4ad874a760b3e4ca0f4e241fde51446b883af9945492e47bdba3482,538eeae555f9ff4fa718bda1b78d481d80a7d93e72742324c7998130c7d3a8c5,173,1.0,/Users/iseclient1/sumo-simulation/result/active/nets/signal_fix_9.net.xml,from_nearest_road_edge_to_other_incident_edge,local_watcher,5,5,0,0,5,100.0,26.31578947368421,0.0,0.0,0.0,True,1.0,,1.0
phase6_smoke_smart_seed30,NODE_10262,smart,30,/Users/iseclient1/sumo-simulation/outputs/final/debug/work/signal_fix_9/baseline/seed30,2026-05-19T23:27:35+00:00,2026-05-19T23:50:47+00:00,1392.23,True,600,0,0.1,11203041635,4,:11203041635_c0,345046979#5,-345046979#5,6000,1500,5,5,5,True,0,0,0.0,0.0,15.71,100.0,1,9,3480,3480,1.0,1.0,16567,880,3467,,,,0.5775438291208074,0,0,606,8.306015468640274,120.18356462600764,16.167817059483728,14.672131147540984,445,3467,/Users/iseclient1/sumo-simulation/outputs/final/debug/work/signal_fix_9/baseline/seed30/demand_vehicle.rou.xml,4da37416caa7357a75bf4cc49f0a0697e01619f15e1f86e3fbf5734ffda311fc,/Users/iseclient1/sumo-simulation/outputs/final/debug/work/signal_fix_9/baseline/seed30/demand_pedestrian.rou.xml,aa31a745c4ad874a760b3e4ca0f4e241fde51446b883af9945492e47bdba3482,538eeae555f9ff4fa718bda1b78d481d80a7d93e72742324c7998130c7d3a8c5,173,1.0,/Users/iseclient1/sumo-simulation/result/active/nets/signal_fix_9.net.xml,from_nearest_road_edge_to_other_incident_edge,local_watcher,5,5,0,0,5,100.0,38.46153846153846,0.0,0.0,0.0,True,1.0,,1.0
