run_label,group,crosswalk_id,seed,scenario,elapsed_sec,sim_duration,warmup,step_length,ped_link_index,step_count,ped_crossing_presence_steps,ped_crossing_person_count,pedestrian_crossing_count,expected_ped_repeat_count,pedestrian_clearance_failure_count,unfinished_crossing_count,ped_wait_time_mean,ped_wait_time_max,veh_delay_mean,veh_delay_max,extension_count,generated_vehicle_count,vehicle_route_count,unique_vehicle_route_count,duplicate_factor,unique_vehicle_route_ratio,used_vehicle_edges,network_arrived_vehicles,network_departed_vehicles,network_mean_travel_time,network_mean_time_loss,network_avg_delay_sec,network_vehicle_edge_coverage_ratio,network_teleport_count,network_collision_count,local_500m_vehicle_count,local_500m_mean_speed,local_500m_mean_time_loss,local_500m_avg_delay_sec,local_500m_queue_proxy,local_500m_stop_count,total_vehicle_arrivals,surrounding_lane_count,vehicle_bbox_coverage,pet_event_count,very_risky_crossing_count,risky_crossing_count,safe_crossing_count,low_pet_event_count,low_pet_per_100_crossings,low_pet_per_100_conflict_candidates,pet_min,pet_p10,pet_mean,pet_coverage_ratio,accident_risk_estimate,average_pedestrian_wait_time,pedestrian_waiting_time_mean,pedestrian_waiting_time,pedestrian_waiting_time_max,max_pedestrian_wait_time,veh_avg_delay_sec,avg_vehicle_delay_sec,surrounding_road_delay_sec,vehicle_delay_cost,avg_queue_length,max_queue_length,safety_risk_score,accident_expected_value,elderly_incomplete_crossings,pedestrian_green_extension_count,total_extension_sec
baseline_1,generated_signal_7,LINK_212169,1.0,baseline,1410.174,600.0,0.0,0.1,5.0,6000.0,290.0,10.0,10.0,5.0,0.0,0.0,0.0,0.0,40.81,100.0,0.0,7.0,3480.0,3480.0,1.0,1.0,16421.0,872.0,3465.0,,,,0.5731935441771436,0.0,0.0,502.0,5.190915314836891,161.47062278920689,41.424590163934425,49.540983606557376,630.0,3465.0,21.0,1.0,20.0,16.0,2.0,2.0,18.0,180.0,360.0,0.0,0.0,0.6549999999999997,2.0,1.7,0.0,0.0,0.0,0.0,0.0,40.81,,41.424590163934425,,,,1.7,1.7,0.0,0.0,0.0
smart_1,generated_signal_7,LINK_212169,1.0,smart,1386.063,600.0,0.0,0.1,5.0,6000.0,290.0,10.0,10.0,5.0,0.0,0.0,0.0,0.0,40.86,100.0,1.0,7.0,3480.0,3480.0,1.0,1.0,16421.0,832.0,3468.0,,,,0.5714099273502414,0.0,0.0,487.0,5.819696609454365,160.8550865333757,41.22935761456874,44.01639344262295,584.0,3468.0,21.0,1.0,20.0,16.0,2.0,2.0,18.0,180.0,360.0,0.0,0.0,0.6549999999999997,2.0,1.7,0.0,0.0,0.0,0.0,0.0,40.86,,41.22935761456874,,,,1.7,1.7,0.0,1.0,5.0
baseline_2,generated_signal_7,LINK_212169,2.0,baseline,1431.913,600.0,0.0,0.1,5.0,6000.0,290.0,10.0,10.0,5.0,0.0,0.0,0.0,0.0,49.52,100.0,0.0,7.0,3480.0,3480.0,1.0,1.0,16737.0,785.0,3460.0,,,,0.5711489102536216,0.0,0.0,445.0,3.89714908392927,177.01382486615515,50.16165581076448,64.31147540983606,613.0,3460.0,21.0,1.0,20.0,17.0,3.0,0.0,20.0,200.0,400.0,0.0,0.0,0.3749999999999993,2.0,1.85,0.0,0.0,0.0,0.0,0.0,49.52,,50.16165581076448,,,,1.85,1.85,0.0,0.0,0.0
smart_2,generated_signal_7,LINK_212169,2.0,smart,1421.111,600.0,0.0,0.1,5.0,6000.0,290.0,10.0,10.0,5.0,0.0,0.0,0.0,0.0,41.33,98.9,1.0,7.0,3480.0,3480.0,1.0,1.0,16737.0,799.0,3459.0,,,,0.5732370470265803,0.0,0.0,444.0,5.658082729763408,165.9799767537756,41.89688648648649,41.63934426229508,543.0,3459.0,21.0,1.0,20.0,17.0,3.0,0.0,20.0,200.0,400.0,0.0,0.0,0.3749999999999993,2.0,1.85,0.0,0.0,0.0,0.0,0.0,41.33,,41.89688648648649,,,,1.85,1.85,0.0,1.0,5.0
baseline_3,generated_signal_7,LINK_212169,3.0,baseline,1379.371,600.0,0.0,0.1,5.0,6000.0,290.0,10.0,10.0,5.0,0.0,0.0,0.0,0.0,41.65,93.5,0.0,7.0,3480.0,3480.0,1.0,1.0,16583.0,931.0,3466.0,,,,0.5842432679340497,0.0,0.0,411.0,5.963938277379462,147.381459665561,41.841573290647155,39.80327868852459,501.0,3466.0,21.0,1.0,20.0,20.0,0.0,0.0,20.0,200.0,400.0,0.0,0.0,0.054999999999999,2.0,2.0,0.0,0.0,0.0,0.0,0.0,41.65,,41.841573290647155,,,,2.0,2.0,0.0,0.0,0.0
smart_3,generated_signal_7,LINK_212169,3.0,smart,1361.834,600.0,0.0,0.1,5.0,6000.0,290.0,10.0,10.0,5.0,0.0,0.0,0.0,0.0,41.86,93.6,1.0,7.0,3480.0,3480.0,1.0,1.0,16583.0,925.0,3468.0,,,,0.5835907251925001,0.0,0.0,444.0,6.0514281462979795,150.07814204361628,42.04248567650948,40.22950819672131,544.0,3468.0,21.0,1.0,20.0,20.0,0.0,0.0,20.0,200.0,400.0,0.0,0.0,0.054999999999999,2.0,2.0,0.0,0.0,0.0,0.0,0.0,41.86,,42.04248567650948,,,,2.0,2.0,0.0,1.0,5.0
baseline_4,generated_signal_7,LINK_212169,4.0,baseline,1387.807,600.0,0.0,0.1,5.0,6000.0,290.0,10.0,10.0,5.0,0.0,0.0,0.0,0.0,39.13,96.2,0.0,7.0,3480.0,3480.0,1.0,1.0,16554.0,874.0,3469.0,,,,0.5757167094444686,0.0,0.0,491.0,5.6606476127931815,160.0025929246453,39.480392912172576,44.73770491803279,635.0,3469.0,21.0,1.0,20.0,15.0,1.0,4.0,16.0,160.0,320.0,0.0,0.0,1.1650000000000005,2.0,1.55,0.0,0.0,0.0,0.0,0.0,39.13,,39.480392912172576,,,,1.55,1.55,0.0,0.0,0.0
smart_4,generated_signal_7,LINK_212169,4.0,smart,1409.761,600.0,0.0,0.1,5.0,6000.0,290.0,10.0,10.0,5.0,0.0,0.0,0.0,0.0,41.9,96.6,1.0,7.0,3480.0,3480.0,1.0,1.0,16554.0,902.0,3472.0,,,,0.5773263148736242,0.0,0.0,492.0,5.300232383485553,164.67503714214843,42.45504957767169,50.14754098360656,696.0,3472.0,21.0,1.0,20.0,15.0,1.0,4.0,16.0,160.0,320.0,0.0,0.0,1.1650000000000005,2.0,1.55,0.0,0.0,0.0,0.0,0.0,41.9,,42.45504957767169,,,,1.55,1.55,0.0,1.0,5.0
baseline_5,generated_signal_7,LINK_212169,5.0,baseline,1366.209,600.0,0.0,0.1,5.0,6000.0,282.0,10.0,10.0,5.0,0.0,0.0,0.0,0.0,37.98,100.0,0.0,7.0,3480.0,3480.0,1.0,1.0,16584.0,887.0,3466.0,,,,0.5785443946578501,0.0,0.0,463.0,6.629430930656031,141.98376606665474,38.6952580195258,36.19672131147541,478.0,3466.0,21.0,1.0,20.0,18.0,2.0,0.0,20.0,200.0,400.0,0.0,0.0,0.2249999999999986,2.0,1.9,0.0,0.0,0.0,0.0,0.0,37.98,,38.6952580195258,,,,1.9,1.9,0.0,0.0,0.0
smart_5,generated_signal_7,LINK_212169,5.0,smart,1390.261,600.0,0.0,0.1,5.0,6000.0,282.0,10.0,10.0,5.0,0.0,0.0,0.0,0.0,38.5,100.0,1.0,7.0,3480.0,3480.0,1.0,1.0,16584.0,888.0,3465.0,,,,0.5780658633140471,0.0,0.0,455.0,6.626692373197221,142.21266647778663,38.92557056357708,35.721311475409834,505.0,3465.0,21.0,1.0,20.0,18.0,2.0,0.0,20.0,200.0,400.0,0.0,0.0,0.2249999999999986,2.0,1.9,0.0,0.0,0.0,0.0,0.0,38.5,,38.92557056357708,,,,1.9,1.9,0.0,1.0,5.0
baseline_6,generated_signal_7,LINK_212169,6.0,baseline,1356.427,600.0,0.0,0.1,5.0,6000.0,290.0,10.0,10.0,5.0,0.0,0.0,0.0,0.0,38.72,100.0,0.0,7.0,3480.0,3480.0,1.0,1.0,16566.0,883.0,3470.0,,,,0.576151737938835,0.0,0.0,492.0,5.957835830450879,158.74590722088473,39.194043820463726,39.049180327868854,520.0,3470.0,21.0,1.0,20.0,15.0,1.0,4.0,16.0,160.0,320.0,0.0,0.0,0.809999999999998,2.0,1.55,0.0,0.0,0.0,0.0,0.0,38.72,,39.194043820463726,,,,1.55,1.55,0.0,0.0,0.0
smart_6,generated_signal_7,LINK_212169,6.0,smart,1380.881,600.0,0.0,0.1,5.0,6000.0,290.0,10.0,10.0,5.0,0.0,0.0,0.0,0.0,38.7,100.0,1.0,7.0,3480.0,3480.0,1.0,1.0,16566.0,881.0,3470.0,,,,0.5779788576151738,0.0,0.0,490.0,6.146678522547044,160.01348160728736,38.948390535067155,37.63934426229508,533.0,3470.0,21.0,1.0,20.0,15.0,1.0,4.0,16.0,160.0,320.0,0.0,0.0,0.809999999999998,2.0,1.55,0.0,0.0,0.0,0.0,0.0,38.7,,38.948390535067155,,,,1.55,1.55,0.0,1.0,5.0
baseline_7,generated_signal_7,LINK_212169,7.0,baseline,1383.062,600.0,0.0,0.1,5.0,6000.0,290.0,10.0,10.0,5.0,0.0,0.0,0.0,0.0,38.48,100.0,0.0,7.0,3480.0,3480.0,1.0,1.0,16574.0,862.0,3466.0,,,,0.5729760299299604,0.0,0.0,473.0,6.234975129011579,144.26317991728266,38.68179271708683,39.90163934426229,531.0,3466.0,21.0,1.0,20.0,20.0,0.0,0.0,20.0,200.0,400.0,0.0,0.0,0.0,2.0,2.0,0.0,0.0,0.0,0.0,0.0,38.48,,38.68179271708683,,,,2.0,2.0,0.0,0.0,0.0
smart_7,generated_signal_7,LINK_212169,7.0,smart,1359.198,600.0,0.0,0.1,5.0,6000.0,290.0,10.0,10.0,5.0,0.0,0.0,0.0,0.0,37.97,100.0,1.0,7.0,3480.0,3480.0,1.0,1.0,16574.0,863.0,3464.0,,,,0.5714534301996781,0.0,0.0,476.0,6.642400423968983,144.54549505713723,38.29741418764302,35.967213114754095,502.0,3464.0,21.0,1.0,20.0,20.0,0.0,0.0,20.0,200.0,400.0,0.0,0.0,0.0,2.0,2.0,0.0,0.0,0.0,0.0,0.0,37.97,,38.29741418764302,,,,2.0,2.0,0.0,1.0,5.0
baseline_8,generated_signal_7,LINK_212169,8.0,baseline,1397.127,600.0,0.0,0.1,5.0,6000.0,290.0,10.0,10.0,5.0,0.0,0.0,0.0,0.0,40.98,99.9,0.0,7.0,3480.0,3480.0,1.0,1.0,16616.0,856.0,3464.0,,,,0.5729760299299604,0.0,0.0,499.0,5.754936703947305,157.7892870018942,41.165924276169264,43.49180327868852,553.0,3464.0,21.0,1.0,20.0,20.0,0.0,0.0,20.0,200.0,400.0,0.0,0.0,0.0449999999999995,2.0,2.0,0.0,0.0,0.0,0.0,0.0,40.98,,41.165924276169264,,,,2.0,2.0,0.0,0.0,0.0
smart_8,generated_signal_7,LINK_212169,8.0,smart,1363.202,600.0,0.0,0.1,5.0,6000.0,290.0,10.0,10.0,5.0,0.0,0.0,0.0,0.0,40.8,100.0,1.0,7.0,3480.0,3480.0,1.0,1.0,16616.0,842.0,3464.0,,,,0.5730630356288337,0.0,0.0,497.0,5.681403673768631,157.63819589577,40.96541200406918,42.31147540983606,550.0,3464.0,21.0,1.0,20.0,20.0,0.0,0.0,20.0,200.0,400.0,0.0,0.0,0.0449999999999995,2.0,2.0,0.0,0.0,0.0,0.0,0.0,40.8,,40.96541200406918,,,,2.0,2.0,0.0,1.0,5.0
baseline_9,generated_signal_7,LINK_212169,9.0,baseline,1366.647,600.0,0.0,0.1,5.0,6000.0,290.0,10.0,10.0,5.0,0.0,0.0,0.0,0.0,40.87,99.9,0.0,7.0,3480.0,3480.0,1.0,1.0,16612.0,962.0,3471.0,,,,0.5819376169139079,0.0,0.0,490.0,5.89340324079992,164.69940224466126,41.068138234119054,44.19672131147541,583.0,3471.0,21.0,1.0,20.0,19.0,1.0,0.0,20.0,200.0,400.0,0.0,0.0,0.2699999999999988,2.0,1.95,0.0,0.0,0.0,0.0,0.0,40.87,,41.068138234119054,,,,1.95,1.95,0.0,0.0,0.0
smart_9,generated_signal_7,LINK_212169,9.0,smart,1364.303,600.0,0.0,0.1,5.0,6000.0,290.0,10.0,10.0,5.0,0.0,0.0,0.0,0.0,48.0,100.0,1.0,7.0,3480.0,3480.0,1.0,1.0,16612.0,930.0,3467.0,,,,0.5814590855701048,0.0,0.0,485.0,4.757829250066791,170.69113346940378,48.21073603619279,58.278688524590166,631.0,3467.0,21.0,1.0,20.0,19.0,1.0,0.0,20.0,200.0,400.0,0.0,0.0,0.2699999999999988,2.0,1.95,0.0,0.0,0.0,0.0,0.0,48.0,,48.21073603619279,,,,1.95,1.95,0.0,1.0,5.0
baseline_10,generated_signal_7,LINK_212169,10.0,baseline,1381.875,600.0,0.0,0.1,5.0,6000.0,290.0,10.0,10.0,5.0,0.0,0.0,0.0,0.0,40.75,100.0,0.0,7.0,3480.0,3480.0,1.0,1.0,16557.0,778.0,3464.0,,,,0.5702353504154523,0.0,0.0,508.0,5.223558620444174,157.87490868761003,41.01143203043929,52.34426229508197,684.0,3464.0,21.0,1.0,20.0,13.0,4.0,3.0,17.0,170.0,340.0,0.0,0.0,1.1499999999999964,2.0,1.5,0.0,0.0,0.0,0.0,0.0,40.75,,41.01143203043929,,,,1.5,1.5,0.0,0.0,0.0
smart_10,generated_signal_7,LINK_212169,10.0,smart,1404.472,600.0,0.0,0.1,5.0,6000.0,290.0,10.0,10.0,5.0,0.0,0.0,0.0,0.0,42.39,100.0,1.0,7.0,3480.0,3480.0,1.0,1.0,16557.0,837.0,3463.0,,,,0.574716143907426,0.0,0.0,493.0,5.544507228858929,155.73501078943212,42.51181720813995,50.24590163934426,659.0,3463.0,21.0,1.0,20.0,13.0,4.0,3.0,17.0,170.0,340.0,0.0,0.0,1.0999999999999956,2.0,1.5,0.0,0.0,0.0,0.0,0.0,42.39,,42.51181720813995,,,,1.5,1.5,0.0,1.0,5.0
baseline_11,generated_signal_7,LINK_212169,11.0,baseline,1364.661,600.0,0.0,0.1,5.0,6000.0,290.0,10.0,10.0,5.0,0.0,0.0,0.0,0.0,37.51,100.0,0.0,7.0,3480.0,3480.0,1.0,1.0,16670.0,854.0,3470.0,,,,0.5811110627746118,0.0,0.0,471.0,6.5930287783218455,159.7773038816409,37.92963048498845,34.704918032786885,440.0,3470.0,21.0,1.0,20.0,20.0,0.0,0.0,20.0,200.0,400.0,0.0,0.0,0.0,2.0,2.0,0.0,0.0,0.0,0.0,0.0,37.51,,37.92963048498845,,,,2.0,2.0,0.0,0.0,0.0
smart_11,generated_signal_7,LINK_212169,11.0,smart,1405.551,600.0,0.0,0.1,5.0,6000.0,290.0,10.0,10.0,5.0,0.0,0.0,0.0,0.0,47.03,100.0,1.0,7.0,3480.0,3480.0,1.0,1.0,16670.0,808.0,3467.0,,,,0.5778483490668639,0.0,0.0,356.0,4.764655598832623,171.31720451813274,47.539874183401885,41.68852459016394,452.0,3467.0,21.0,1.0,20.0,20.0,0.0,0.0,20.0,200.0,400.0,0.0,0.0,0.0,2.0,2.0,0.0,0.0,0.0,0.0,0.0,47.03,,47.539874183401885,,,,2.0,2.0,0.0,1.0,5.0
baseline_12,generated_signal_7,LINK_212169,12.0,baseline,1383.792,600.0,0.0,0.1,5.0,6000.0,290.0,10.0,10.0,5.0,0.0,0.0,0.0,0.0,54.72,100.0,0.0,7.0,3480.0,3480.0,1.0,1.0,16416.0,785.0,3470.0,,,,0.5644059685909427,0.0,0.0,532.0,3.1655441073906574,184.03127026277983,55.35733568815441,94.2622950819672,706.0,3470.0,21.0,1.0,20.0,10.0,2.0,8.0,12.0,120.0,240.0,0.0,0.0,2.9449999999999954,2.0,1.1,0.0,0.0,0.0,0.0,0.0,54.72,,55.35733568815441,,,,1.1,1.1,0.0,0.0,0.0
smart_12,generated_signal_7,LINK_212169,12.0,smart,1421.249,600.0,0.0,0.1,5.0,6000.0,290.0,10.0,10.0,5.0,0.0,0.0,0.0,0.0,58.05,100.0,1.0,7.0,3480.0,3480.0,1.0,1.0,16416.0,785.0,3469.0,,,,0.5641449514943229,0.0,0.0,463.0,3.226135692577786,182.13329915421951,58.58287720303769,85.8688524590164,528.0,3469.0,21.0,1.0,20.0,10.0,2.0,8.0,12.0,120.0,240.0,0.0,0.0,2.9349999999999943,2.0,1.1,0.0,0.0,0.0,0.0,0.0,58.05,,58.58287720303769,,,,1.1,1.1,0.0,1.0,5.0
baseline_13,generated_signal_7,LINK_212169,13.0,baseline,1399.563,600.0,0.0,0.1,5.0,6000.0,290.0,10.0,10.0,5.0,0.0,0.0,0.0,0.0,43.16,100.0,0.0,7.0,3480.0,3480.0,1.0,1.0,16670.0,877.0,3474.0,,,,0.5771958063253143,0.0,0.0,465.0,5.293425010344151,172.3175612051641,43.29454136184581,47.40983606557377,557.0,3474.0,21.0,1.0,20.0,16.0,3.0,1.0,19.0,190.0,380.0,0.0,0.0,0.559999999999998,2.0,1.75,0.0,0.0,0.0,0.0,0.0,43.16,,43.29454136184581,,,,1.75,1.75,0.0,0.0,0.0
smart_13,generated_signal_7,LINK_212169,13.0,smart,1376.0,600.0,0.0,0.1,5.0,6000.0,290.0,10.0,10.0,5.0,0.0,0.0,0.0,0.0,43.07,100.0,1.0,7.0,3480.0,3480.0,1.0,1.0,16670.0,853.0,3470.0,,,,0.5764562578848914,0.0,0.0,460.0,5.142578424921625,170.67992062314673,43.13327677224736,46.868852459016395,587.0,3470.0,21.0,1.0,20.0,16.0,3.0,1.0,19.0,190.0,380.0,0.0,0.0,0.559999999999998,2.0,1.75,0.0,0.0,0.0,0.0,0.0,43.07,,43.13327677224736,,,,1.75,1.75,0.0,1.0,5.0
baseline_14,generated_signal_7,LINK_212169,14.0,baseline,1408.101,600.0,0.0,0.1,5.0,6000.0,307.0,10.0,10.0,5.0,0.0,0.0,0.0,0.0,37.36,100.0,0.0,7.0,3480.0,3480.0,1.0,1.0,16475.0,837.0,3473.0,,,,0.5697133162222126,0.0,0.0,464.0,6.658287913989178,144.22135159303417,37.79167816091954,36.60655737704918,482.0,3473.0,21.0,1.0,20.0,20.0,0.0,0.0,20.0,200.0,400.0,0.0,0.0,0.0850000000000001,2.0,2.0,0.0,0.0,0.0,0.0,0.0,37.36,,37.79167816091954,,,,2.0,2.0,0.0,0.0,0.0
smart_14,generated_signal_7,LINK_212169,14.0,smart,1381.56,600.0,0.0,0.1,5.0,6000.0,307.0,10.0,10.0,5.0,0.0,0.0,0.0,0.0,38.21,99.9,1.0,7.0,3480.0,3480.0,1.0,1.0,16475.0,856.0,3472.0,,,,0.5708443903075652,0.0,0.0,471.0,6.764578261533486,140.44008539209142,38.336047535211264,37.967213114754095,527.0,3472.0,21.0,1.0,20.0,20.0,0.0,0.0,20.0,200.0,400.0,0.0,0.0,0.0850000000000001,2.0,2.0,0.0,0.0,0.0,0.0,0.0,38.21,,38.336047535211264,,,,2.0,2.0,0.0,1.0,5.0
baseline_15,generated_signal_7,LINK_212169,15.0,baseline,1383.337,600.0,0.0,0.1,5.0,6000.0,290.0,10.0,10.0,5.0,0.0,0.0,0.0,0.0,34.35,98.9,0.0,7.0,3480.0,3480.0,1.0,1.0,16621.0,872.0,3469.0,,,,0.5764127550354549,0.0,0.0,528.0,6.405086915682889,145.54797547187863,34.73015597920278,41.721311475409834,629.0,3469.0,21.0,1.0,20.0,12.0,2.0,6.0,14.0,140.0,280.0,0.0,0.0,1.704999999999999,2.0,1.3,0.0,0.0,0.0,0.0,0.0,34.35,,34.73015597920278,,,,1.3,1.3,0.0,0.0,0.0
smart_15,generated_signal_7,LINK_212169,15.0,smart,1370.811,600.0,0.0,0.1,5.0,6000.0,290.0,10.0,10.0,5.0,0.0,0.0,0.0,0.0,34.83,93.5,1.0,7.0,3480.0,3480.0,1.0,1.0,16621.0,872.0,3469.0,,,,0.5757602122939053,0.0,0.0,527.0,6.598110298168581,145.18504006617312,35.136283891547045,39.55737704918032,603.0,3469.0,21.0,1.0,20.0,12.0,2.0,6.0,14.0,140.0,280.0,0.0,0.0,1.704999999999999,2.0,1.3,0.0,0.0,0.0,0.0,0.0,34.83,,35.136283891547045,,,,1.3,1.3,0.0,1.0,5.0
baseline_16,generated_signal_7,LINK_212169,16.0,baseline,1373.007,600.0,0.0,0.1,5.0,6000.0,290.0,10.0,10.0,5.0,0.0,0.0,0.0,0.0,47.76,100.0,0.0,7.0,3480.0,3480.0,1.0,1.0,16564.0,842.0,3467.0,,,,0.57362857267151,0.0,0.0,526.0,4.738551306271441,167.31674146231407,48.26306161745829,64.45901639344262,603.0,3467.0,21.0,1.0,20.0,17.0,1.0,2.0,18.0,180.0,360.0,0.0,0.0,0.5800000000000004,2.0,1.75,0.0,0.0,0.0,0.0,0.0,47.76,,48.26306161745829,,,,1.75,1.75,0.0,0.0,0.0
smart_16,generated_signal_7,LINK_212169,16.0,smart,1400.911,600.0,0.0,0.1,5.0,6000.0,290.0,10.0,10.0,5.0,0.0,0.0,0.0,0.0,39.99,100.0,1.0,7.0,3480.0,3480.0,1.0,1.0,16564.0,841.0,3465.0,,,,0.5742376125636229,0.0,0.0,536.0,5.5311058722977275,162.13482211293913,40.06363636363636,50.049180327868854,692.0,3465.0,21.0,1.0,20.0,17.0,1.0,2.0,18.0,180.0,360.0,0.0,0.0,0.5800000000000004,2.0,1.75,0.0,0.0,0.0,0.0,0.0,39.99,,40.06363636363636,,,,1.75,1.75,0.0,1.0,5.0
baseline_17,generated_signal_7,LINK_212169,17.0,baseline,1391.036,600.0,0.0,0.1,5.0,6000.0,290.0,10.0,10.0,5.0,0.0,0.0,0.0,0.0,45.41,100.0,0.0,7.0,3480.0,3480.0,1.0,1.0,16565.0,823.0,3462.0,,,,0.5711489102536216,0.0,0.0,466.0,4.520852905435726,160.87402679161366,46.10033676333021,55.14754098360656,608.0,3462.0,21.0,1.0,20.0,16.0,1.0,3.0,17.0,170.0,340.0,0.0,0.0,0.914999999999997,2.0,1.65,0.0,0.0,0.0,0.0,0.0,45.41,,46.10033676333021,,,,1.65,1.65,0.0,0.0,0.0
smart_17,generated_signal_7,LINK_212169,17.0,smart,1412.545,600.0,0.0,0.1,5.0,6000.0,290.0,10.0,10.0,5.0,0.0,0.0,0.0,0.0,41.08,99.0,1.0,7.0,3480.0,3480.0,1.0,1.0,16565.0,846.0,3463.0,,,,0.5730630356288337,0.0,0.0,472.0,5.737149865235148,154.65661756576907,41.51264681208053,41.73770491803279,584.0,3463.0,21.0,1.0,20.0,16.0,1.0,3.0,17.0,170.0,340.0,0.0,0.0,0.914999999999997,2.0,1.65,0.0,0.0,0.0,0.0,0.0,41.08,,41.51264681208053,,,,1.65,1.65,0.0,1.0,5.0
baseline_18,generated_signal_7,LINK_212169,18.0,baseline,1362.679,600.0,0.0,0.1,5.0,6000.0,290.0,10.0,10.0,5.0,0.0,0.0,0.0,0.0,39.92,100.0,0.0,7.0,3480.0,3480.0,1.0,1.0,16466.0,856.0,3466.0,,,,0.5702788532648888,0.0,0.0,463.0,5.977468302039001,154.2238783905321,40.24772106700273,40.73770491803279,534.0,3466.0,21.0,1.0,20.0,7.0,2.0,11.0,9.0,90.0,180.0,0.0,0.0,5.989999999999994,2.0,0.8,0.0,0.0,0.0,0.0,0.0,39.92,,40.24772106700273,,,,0.8,0.8,0.0,0.0,0.0
smart_18,generated_signal_7,LINK_212169,18.0,smart,1403.292,600.0,0.0,0.1,5.0,6000.0,290.0,10.0,10.0,5.0,0.0,0.0,0.0,0.0,41.35,99.9,1.0,7.0,3480.0,3480.0,1.0,1.0,16466.0,858.0,3467.0,,,,0.5707138817592552,0.0,0.0,454.0,5.710531661031652,156.11107323062694,41.92129570237332,41.01639344262295,547.0,3467.0,21.0,1.0,20.0,7.0,2.0,11.0,9.0,90.0,180.0,0.0,0.0,5.989999999999994,2.0,0.8,0.0,0.0,0.0,0.0,0.0,41.35,,41.92129570237332,,,,0.8,0.8,0.0,1.0,5.0
baseline_19,generated_signal_7,LINK_212169,19.0,baseline,1411.167,600.0,0.0,0.1,5.0,6000.0,290.0,10.0,10.0,5.0,0.0,0.0,0.0,0.0,35.15,100.0,0.0,7.0,3480.0,3480.0,1.0,1.0,16559.0,851.0,3467.0,,,,0.577108800626441,0.0,0.0,502.0,5.780705174286695,156.9049988379143,35.55239641015849,41.0655737704918,592.0,3467.0,21.0,1.0,20.0,15.0,3.0,2.0,18.0,180.0,360.0,0.0,0.0,0.7899999999999991,2.0,1.65,0.0,0.0,0.0,0.0,0.0,35.15,,35.55239641015849,,,,1.65,1.65,0.0,0.0,0.0
smart_19,generated_signal_7,LINK_212169,19.0,smart,1380.596,600.0,0.0,0.1,5.0,6000.0,290.0,10.0,10.0,5.0,0.0,0.0,0.0,0.0,36.98,100.0,1.0,7.0,3480.0,3480.0,1.0,1.0,16559.0,831.0,3466.0,,,,0.5768042806803846,0.0,0.0,475.0,5.593124014698764,155.2874838447535,37.15546970313135,38.721311475409834,568.0,3466.0,21.0,1.0,20.0,15.0,3.0,2.0,18.0,180.0,360.0,0.0,0.0,0.7899999999999991,2.0,1.65,0.0,0.0,0.0,0.0,0.0,36.98,,37.15546970313135,,,,1.65,1.65,0.0,1.0,5.0
baseline_20,generated_signal_7,LINK_212169,20.0,baseline,1391.637,600.0,0.0,0.1,5.0,6000.0,290.0,10.0,10.0,5.0,0.0,0.0,0.0,0.0,39.89,100.0,0.0,7.0,3480.0,3480.0,1.0,1.0,16557.0,854.0,3465.0,,,,0.5734980641232,0.0,0.0,480.0,5.431105205245615,158.24603037057753,40.044904973716136,43.75409836065574,596.0,3465.0,21.0,1.0,20.0,20.0,0.0,0.0,20.0,200.0,400.0,0.0,0.0,0.0,2.0,2.0,0.0,0.0,0.0,0.0,0.0,39.89,,40.044904973716136,,,,2.0,2.0,0.0,0.0,0.0
smart_20,generated_signal_7,LINK_212169,20.0,smart,1370.639,600.0,0.0,0.1,5.0,6000.0,290.0,10.0,10.0,5.0,0.0,0.0,0.0,0.0,39.36,98.9,1.0,7.0,3480.0,3480.0,1.0,1.0,16557.0,854.0,3464.0,,,,0.5739765954670031,0.0,0.0,475.0,5.593186464433669,158.5273919764498,39.63708094848732,41.721311475409834,615.0,3464.0,21.0,1.0,20.0,20.0,0.0,0.0,20.0,200.0,400.0,0.0,0.0,0.0,2.0,2.0,0.0,0.0,0.0,0.0,0.0,39.36,,39.63708094848732,,,,2.0,2.0,0.0,1.0,5.0
baseline_21,generated_signal_7,LINK_212169,21.0,baseline,1393.226,600.0,0.0,0.1,5.0,6000.0,290.0,10.0,10.0,5.0,0.0,0.0,0.0,0.0,47.98,100.0,0.0,7.0,3480.0,3480.0,1.0,1.0,16629.0,831.0,3464.0,,,,0.5775003262713708,0.0,0.0,350.0,4.264142424658845,168.7787792772849,48.52365468284864,45.0,490.0,3464.0,21.0,1.0,20.0,10.0,0.0,10.0,10.0,100.0,200.0,0.0,0.0,4.6249999999999964,2.0,1.0,0.0,0.0,0.0,0.0,0.0,47.98,,48.52365468284864,,,,1.0,1.0,0.0,0.0,0.0
smart_21,generated_signal_7,LINK_212169,21.0,smart,1374.863,600.0,0.0,0.1,5.0,6000.0,290.0,10.0,10.0,5.0,0.0,0.0,0.0,0.0,48.8,100.0,1.0,7.0,3480.0,3480.0,1.0,1.0,16629.0,829.0,3464.0,,,,0.5765867664332014,0.0,0.0,350.0,4.282953785224257,168.14353267325043,49.071154723870386,44.950819672131146,501.0,3464.0,21.0,1.0,20.0,10.0,0.0,10.0,10.0,100.0,200.0,0.0,0.0,4.6249999999999964,2.0,1.0,0.0,0.0,0.0,0.0,0.0,48.8,,49.071154723870386,,,,1.0,1.0,0.0,1.0,5.0
baseline_22,generated_signal_7,LINK_212169,22.0,baseline,1382.165,600.0,0.0,0.1,5.0,6000.0,290.0,10.0,10.0,5.0,0.0,0.0,0.0,0.0,44.47,93.5,0.0,7.0,3480.0,3480.0,1.0,1.0,16619.0,830.0,3468.0,,,,0.5726280071344673,0.0,0.0,405.0,4.3222098525342485,165.848359715296,44.7257790368272,47.80327868852459,636.0,3468.0,21.0,1.0,20.0,20.0,0.0,0.0,20.0,200.0,400.0,0.0,0.0,0.0199999999999995,2.0,2.0,0.0,0.0,0.0,0.0,0.0,44.47,,44.7257790368272,,,,2.0,2.0,0.0,0.0,0.0
smart_22,generated_signal_7,LINK_212169,22.0,smart,1403.218,600.0,0.0,0.1,5.0,6000.0,290.0,10.0,10.0,5.0,0.0,0.0,0.0,0.0,44.38,99.9,1.0,7.0,3480.0,3480.0,1.0,1.0,16619.0,839.0,3470.0,,,,0.5727585156827772,0.0,0.0,402.0,4.425872498117093,166.15373803936353,44.527960927960926,46.59016393442623,629.0,3470.0,21.0,1.0,20.0,20.0,0.0,0.0,20.0,200.0,400.0,0.0,0.0,0.0199999999999995,2.0,2.0,0.0,0.0,0.0,0.0,0.0,44.38,,44.527960927960926,,,,2.0,2.0,0.0,1.0,5.0
baseline_23,generated_signal_7,LINK_212169,23.0,baseline,1342.62,600.0,0.0,0.1,5.0,6000.0,290.0,10.0,10.0,5.0,0.0,0.0,0.0,0.0,45.64,100.0,0.0,7.0,3480.0,3480.0,1.0,1.0,16603.0,902.0,3471.0,,,,0.5748466524557359,0.0,0.0,496.0,4.6950865491582485,174.98575650679194,46.44704803202135,60.114754098360656,686.0,3471.0,21.0,1.0,20.0,18.0,2.0,0.0,20.0,200.0,400.0,0.0,0.0,0.2700000000000003,2.0,1.9,0.0,0.0,0.0,0.0,0.0,45.64,,46.44704803202135,,,,1.9,1.9,0.0,0.0,0.0
smart_23,generated_signal_7,LINK_212169,23.0,smart,1372.788,600.0,0.0,0.1,5.0,6000.0,290.0,10.0,10.0,5.0,0.0,0.0,0.0,0.0,44.66,100.0,1.0,7.0,3480.0,3480.0,1.0,1.0,16603.0,893.0,3469.0,,,,0.5733675555748902,0.0,0.0,519.0,5.27966387168476,169.7082197559185,45.03662474507138,56.16393442622951,660.0,3469.0,21.0,1.0,20.0,18.0,2.0,0.0,20.0,200.0,400.0,0.0,0.0,0.2700000000000003,2.0,1.9,0.0,0.0,0.0,0.0,0.0,44.66,,45.03662474507138,,,,1.9,1.9,0.0,1.0,5.0
baseline_24,generated_signal_7,LINK_212169,24.0,baseline,1384.314,600.0,0.0,0.1,5.0,6000.0,290.0,10.0,10.0,5.0,0.0,0.0,0.0,0.0,43.26,100.0,0.0,7.0,3480.0,3480.0,1.0,1.0,16511.0,821.0,3464.0,,,,0.5724974985861574,0.0,0.0,503.0,5.485899261995438,165.48588153934185,43.684831770546054,49.52459016393443,624.0,3464.0,21.0,1.0,20.0,20.0,0.0,0.0,20.0,200.0,400.0,0.0,0.0,0.0,2.0,2.0,0.0,0.0,0.0,0.0,0.0,43.26,,43.684831770546054,,,,2.0,2.0,0.0,0.0,0.0
smart_24,generated_signal_7,LINK_212169,24.0,smart,1432.083,600.0,0.0,0.1,5.0,6000.0,290.0,10.0,10.0,5.0,0.0,0.0,0.0,0.0,43.19,100.0,1.0,7.0,3480.0,3480.0,1.0,1.0,16511.0,806.0,3466.0,,,,0.5698003219210859,0.0,0.0,496.0,5.511165978617701,164.0252043177585,43.489754929058414,48.032786885245905,650.0,3466.0,21.0,1.0,20.0,20.0,0.0,0.0,20.0,200.0,400.0,0.0,0.0,0.0,2.0,2.0,0.0,0.0,0.0,0.0,0.0,43.19,,43.489754929058414,,,,2.0,2.0,0.0,1.0,5.0
baseline_25,generated_signal_7,LINK_212169,25.0,baseline,1385.3,600.0,0.0,0.1,5.0,6000.0,290.0,10.0,10.0,5.0,0.0,0.0,0.0,0.0,41.17,100.0,0.0,7.0,3480.0,3479.0,1.0002874389192296,0.9997126436781608,16552.0,836.0,3466.0,,,,0.5771523034758776,0.0,0.0,450.0,4.811447419727709,164.08514678738177,41.712229350441056,45.540983606557376,612.0,3466.0,21.0,1.0,20.0,2.0,2.0,16.0,4.0,40.0,80.0,0.0,1.760000000000011,8.470000000000002,2.0,0.3,0.0,0.0,0.0,0.0,0.0,41.17,,41.712229350441056,,,,0.3,0.3,0.0,0.0,0.0
smart_25,generated_signal_7,LINK_212169,25.0,smart,1356.584,600.0,0.0,0.1,5.0,6000.0,290.0,10.0,10.0,5.0,0.0,0.0,0.0,0.0,41.76,100.0,1.0,7.0,3480.0,3479.0,1.0002874389192296,0.9997126436781608,16552.0,853.0,3467.0,,,,0.5783703832601035,0.0,0.0,446.0,4.690383585179091,164.78255640071998,42.22726209048362,47.80327868852459,623.0,3467.0,21.0,1.0,20.0,2.0,2.0,16.0,4.0,40.0,80.0,0.0,1.560000000000008,8.379999999999999,2.0,0.3,0.0,0.0,0.0,0.0,0.0,41.76,,42.22726209048362,,,,0.3,0.3,0.0,1.0,5.0
baseline_26,generated_signal_7,LINK_212169,26.0,baseline,1403.936,600.0,0.0,0.1,5.0,6000.0,290.0,10.0,10.0,5.0,0.0,0.0,0.0,0.0,39.47,98.9,0.0,7.0,3480.0,3480.0,1.0,1.0,16693.0,856.0,3468.0,,,,0.5806325314308087,0.0,0.0,487.0,5.302482655377351,159.88922455601138,39.70724611161939,46.80327868852459,633.0,3468.0,21.0,1.0,20.0,19.0,1.0,0.0,20.0,200.0,400.0,0.0,0.0,0.154999999999999,2.0,1.95,0.0,0.0,0.0,0.0,0.0,39.47,,39.70724611161939,,,,1.95,1.95,0.0,0.0,0.0
smart_26,generated_signal_7,LINK_212169,26.0,smart,1383.901,600.0,0.0,0.1,5.0,6000.0,290.0,10.0,10.0,5.0,0.0,0.0,0.0,0.0,39.4,100.0,1.0,7.0,3480.0,3480.0,1.0,1.0,16693.0,875.0,3467.0,,,,0.5796319658937661,0.0,0.0,472.0,5.451935326917781,161.57290867824324,39.564542360060514,43.34426229508197,602.0,3467.0,21.0,1.0,20.0,19.0,1.0,0.0,20.0,200.0,400.0,0.0,0.0,0.154999999999999,2.0,1.95,0.0,0.0,0.0,0.0,0.0,39.4,,39.564542360060514,,,,1.95,1.95,0.0,1.0,5.0
baseline_27,generated_signal_7,LINK_212169,27.0,baseline,1403.809,600.0,0.0,0.1,5.0,6000.0,290.0,10.0,10.0,5.0,0.0,0.0,0.0,0.0,38.67,100.0,0.0,7.0,3480.0,3480.0,1.0,1.0,16525.0,845.0,3467.0,,,,0.5721494757906643,0.0,0.0,475.0,5.775657572091518,152.86566849497507,38.92200158856235,44.08196721311475,611.0,3467.0,21.0,1.0,20.0,20.0,0.0,0.0,20.0,200.0,400.0,0.0,0.0,0.0199999999999995,2.0,2.0,0.0,0.0,0.0,0.0,0.0,38.67,,38.92200158856235,,,,2.0,2.0,0.0,0.0,0.0
smart_27,generated_signal_7,LINK_212169,27.0,smart,1399.313,600.0,0.0,0.1,5.0,6000.0,290.0,10.0,10.0,5.0,0.0,0.0,0.0,0.0,41.31,100.0,1.0,7.0,3480.0,3480.0,1.0,1.0,16525.0,842.0,3466.0,,,,0.5738895897681298,0.0,0.0,478.0,5.7371319201070445,155.51481919283836,41.45790498442367,45.98360655737705,607.0,3466.0,21.0,1.0,20.0,20.0,0.0,0.0,20.0,200.0,400.0,0.0,0.0,0.0199999999999995,2.0,2.0,0.0,0.0,0.0,0.0,0.0,41.31,,41.45790498442367,,,,2.0,2.0,0.0,1.0,5.0
baseline_28,generated_signal_7,LINK_212169,28.0,baseline,1417.861,600.0,0.0,0.1,5.0,6000.0,290.0,10.0,10.0,5.0,0.0,0.0,0.0,0.0,43.29,99.9,0.0,7.0,3480.0,3480.0,1.0,1.0,16449.0,755.0,3461.0,,,,0.567625179449254,0.0,0.0,454.0,5.030428938791018,161.97294731178303,43.85296812368772,48.885245901639344,610.0,3461.0,21.0,1.0,20.0,19.0,1.0,0.0,20.0,200.0,400.0,0.0,0.0,0.1950000000000002,2.0,1.95,0.0,0.0,0.0,0.0,0.0,43.29,,43.85296812368772,,,,1.95,1.95,0.0,0.0,0.0
smart_28,generated_signal_7,LINK_212169,28.0,smart,1433.461,600.0,0.0,0.1,5.0,6000.0,290.0,10.0,10.0,5.0,0.0,0.0,0.0,0.0,42.96,99.9,1.0,7.0,3480.0,3480.0,1.0,1.0,16449.0,772.0,3463.0,,,,0.5679296993953104,0.0,0.0,467.0,4.843742681263516,164.97865621965056,43.570883788180005,50.9344262295082,684.0,3463.0,21.0,1.0,20.0,19.0,1.0,0.0,20.0,200.0,400.0,0.0,0.0,0.1950000000000002,2.0,1.95,0.0,0.0,0.0,0.0,0.0,42.96,,43.570883788180005,,,,1.95,1.95,0.0,1.0,5.0
baseline_29,generated_signal_7,LINK_212169,29.0,baseline,1406.864,600.0,0.0,0.1,5.0,6000.0,290.0,10.0,10.0,5.0,0.0,0.0,0.0,0.0,35.25,99.8,0.0,7.0,3480.0,3480.0,1.0,1.0,16571.0,823.0,3474.0,,,,0.5721929786401009,0.0,0.0,523.0,7.003210152744412,149.1457043446871,35.4224155790346,37.31147540983606,502.0,3474.0,21.0,1.0,20.0,12.0,3.0,5.0,15.0,150.0,300.0,0.0,0.0,1.6999999999999993,2.0,1.35,0.0,0.0,0.0,0.0,0.0,35.25,,35.4224155790346,,,,1.35,1.35,0.0,0.0,0.0
smart_29,generated_signal_7,LINK_212169,29.0,smart,1423.667,600.0,0.0,0.1,5.0,6000.0,290.0,10.0,10.0,5.0,0.0,0.0,0.0,0.0,36.44,99.9,1.0,7.0,3480.0,3480.0,1.0,1.0,16571.0,822.0,3473.0,,,,0.5712794188019316,0.0,0.0,514.0,7.2072551458647744,146.28889123980218,36.53794508794509,36.57377049180328,497.0,3473.0,21.0,1.0,20.0,12.0,2.0,6.0,14.0,140.0,280.0,0.0,0.0,1.7299999999999975,2.0,1.3,0.0,0.0,0.0,0.0,0.0,36.44,,36.53794508794509,,,,1.3,1.3,0.0,1.0,5.0
baseline_30,generated_signal_7,LINK_212169,30.0,baseline,1375.709,600.0,0.0,0.1,5.0,6000.0,290.0,10.0,10.0,5.0,0.0,0.0,0.0,0.0,47.16,100.0,0.0,7.0,3480.0,3480.0,1.0,1.0,16571.0,820.0,3464.0,,,,0.5699308304693957,0.0,0.0,575.0,4.442751700083645,160.97875250884815,47.78647671391379,72.08196721311475,710.0,3464.0,21.0,1.0,20.0,20.0,0.0,0.0,20.0,200.0,400.0,0.0,0.0,0.0,2.0,2.0,0.0,0.0,0.0,0.0,0.0,47.16,,47.78647671391379,,,,2.0,2.0,0.0,0.0,0.0
smart_30,generated_signal_7,LINK_212169,30.0,smart,1404.063,600.0,0.0,0.1,5.0,6000.0,290.0,10.0,10.0,5.0,0.0,0.0,0.0,0.0,52.66,100.0,1.0,7.0,3480.0,3480.0,1.0,1.0,16571.0,834.0,3471.0,,,,0.5738895897681298,0.0,0.0,560.0,3.689169748504282,169.12847643101478,53.07793464052288,86.95081967213115,750.0,3471.0,21.0,1.0,20.0,20.0,0.0,0.0,20.0,200.0,400.0,0.0,0.0,0.0,2.0,2.0,0.0,0.0,0.0,0.0,0.0,52.66,,53.07793464052288,,,,2.0,2.0,0.0,1.0,5.0
baseline_avg,generated_signal_7,LINK_212169,,baseline_avg,1387.5132000000003,600.0,0.0,0.1,5.0,6000.0,290.3,10.0,10.0,5.0,0.0,0.0,0.0,0.0,41.68266666666668,99.35,0.0,7.0,3480.0,3479.9666666666667,1.0000095812973078,0.9999904214559387,16569.666666666668,848.6666666666666,3467.0333333333333,,,,0.5742927161729093,0.0,0.0,479.6333333333333,5.403472096347277,159.95741035648018,42.094040492386725,48.353005464480866,586.3,3467.0333333333333,21.0,1.0,20.0,16.2,1.2333333333333334,2.566666666666667,17.433333333333334,174.33333333333334,348.6666666666667,0.0,0.058666666666667,1.125833333333332,2.0,1.6816666666666669,0.0,0.0,0.0,0.0,0.0,41.68266666666668,,42.094040492386725,,,,1.6816666666666669,1.6816666666666669,0.0,0.0,0.0
smart_avg,generated_signal_7,LINK_212169,,smart_avg,1391.6060333333337,600.0,0.0,0.1,5.0,6000.0,290.3,10.0,10.0,5.0,0.0,0.0,0.0,0.0,42.26066666666668,99.33333333333331,1.0,7.0,3480.0,3479.9666666666667,1.0000095812973078,0.9999904214559387,16569.666666666668,848.9333333333333,3466.9333333333334,,,,0.5744551268108061,0.0,0.0,471.8666666666667,5.466979401220674,159.97313890675318,42.56878590942189,46.95737704918032,588.4333333333333,3466.9333333333334,21.0,1.0,20.0,16.2,1.2,2.6,17.4,174.0,348.0,0.0,0.0520000000000002,1.121833333333332,2.0,1.68,0.0,0.0,0.0,0.0,0.0,42.26066666666668,,42.56878590942189,,,,1.68,1.68,0.0,1.0,5.0
